{"stats":{"minecraft:dropped":{"minecraft:wooden_sword":1,"minecraft:wooden_pickaxe":1},"minecraft:killed":{"minecraft:pig":3,"minecraft:sheep":6},"minecraft:used":{"minecraft:stone_axe":4,"minecraft:stone_sword":18,"minecraft:cooked_mutton":1,"minecraft:crafting_table":2,"minecraft:wooden_sword":9,"minecraft:rooted_dirt":32,"minecraft:wooden_pickaxe":5,"minecraft:furnace":1,"minecraft:torch":10,"minecraft:stone_pickaxe":101,"minecraft:dirt":21},"minecraft:custom":{"minecraft:interact_with_crafting_table":8,"minecraft:time_since_rest":470,"minecraft:walk_one_cm":48952,"minecraft:leave_game":3,"minecraft:walk_under_water_one_cm":118,"minecraft:mob_kills":9,"minecraft:damage_taken":325,"minecraft:play_time":19421,"minecraft:damage_dealt":881,"minecraft:jump":309,"minecraft:time_since_death":448,"minecraft:drop":2,"minecraft:interact_with_furnace":4,"minecraft:sprint_one_cm":25774,"minecraft:fall_one_cm":7120,"minecraft:total_world_time":19421,"minecraft:fly_one_cm":32291,"minecraft:walk_on_water_one_cm":400,"minecraft:crouch_one_cm":459,"minecraft:sneak_time":171,"minecraft:deaths":1},"minecraft:picked_up":{"minecraft:porkchop":5,"minecraft:dirt":21,"minecraft:cobblestone":50,"minecraft:white_wool":5,"minecraft:flowering_azalea":2,"minecraft:sugar_cane":7,"minecraft:light_gray_wool":1,"minecraft:crafting_table":2,"minecraft:torch":4,"minecraft:rooted_dirt":36,"minecraft:leaf_litter":20,"minecraft:coal":75,"minecraft:oak_log":3,"minecraft:furnace":1,"minecraft:mutton":11,"minecraft:dark_oak_sapling":1,"minecraft:dark_oak_log":6},"minecraft:crafted":{"minecraft:furnace":1,"minecraft:stone_sword":1,"minecraft:dark_oak_planks":20,"minecraft:wooden_sword":1,"minecraft:cooked_mutton":4,"minecraft:stone_pickaxe":1,"minecraft:crafting_table":1,"minecraft:torch":16,"minecraft:stick":12,"minecraft:wooden_pickaxe":1,"minecraft:stone_axe":1,"minecraft:oak_planks":12,"minecraft:cooked_porkchop":1,"minecraft:air":0},"minecraft:killed_by":{"minecraft:skeleton":1},"minecraft:mined":{"minecraft:torch":2,"minecraft:dark_oak_log":5,"minecraft:dirt":2,"minecraft:azalea_leaves":1,"minecraft:coal_ore":53,"minecraft:grass_block":5,"minecraft:sugar_cane":5,"minecraft:short_grass":3,"minecraft:wall_torch":2,"minecraft:red_mushroom_block":2,"minecraft:dark_oak_leaves":2,"minecraft:rooted_dirt":36,"minecraft:furnace":1,"minecraft:crafting_table":2,"minecraft:flowering_azalea":2,"minecraft:leaf_litter":1,"minecraft:oak_log":3,"minecraft:stone":50}},"DataVersion":4440}