{"stats":{"minecraft:killed":{"minecraft:pig":7,"minecraft:spider":1,"minecraft:sheep":5,"minecraft:skeleton":4,"minecraft:pillager":1,"minecraft:zombie":3,"minecraft:chicken":4,"minecraft:cow":4},"minecraft:dropped":{"minecraft:iron_sword":1,"minecraft:birch_planks":3,"minecraft:wheat_seeds":10,"minecraft:iron_nugget":5,"minecraft:birch_sapling":3,"minecraft:stone_shovel":2,"minecraft:feather":1,"minecraft:rotten_flesh":2,"minecraft:white_bed":1,"minecraft:stick":1,"minecraft:dirt":386,"minecraft:oak_sapling":3,"minecraft:snowball":45,"gravestone:obituary":4,"minecraft:wooden_sword":1,"minecraft:armadillo_scute":1,"minecraft:wooden_pickaxe":1},"minecraft:mined":{"minecraft:podzol":1,"minecraft:white_bed":2,"minecraft:snow_block":4,"minecraft:crafting_table":4,"minecraft:torch":1,"gravestone:gravestone":3,"minecraft:short_grass":17,"minecraft:grass_block":927,"minecraft:tall_grass":3,"minecraft:spruce_leaves":4,"minecraft:hay_block":9,"minecraft:coarse_dirt":1,"minecraft:furnace":1,"minecraft:snow":378,"minecraft:iron_ore":16,"minecraft:birch_log":11,"minecraft:sweet_berry_bush":2,"minecraft:spruce_log":7,"minecraft:oak_log":6,"minecraft:dirt_path":1,"minecraft:coal_ore":30,"minecraft:dirt":1190,"minecraft:stone":244,"minecraft:oak_leaves":3,"minecraft:fern":3},"minecraft:custom":{"minecraft:interact_with_furnace":24,"minecraft:mob_kills":29,"minecraft:interact_with_crafting_table":39,"minecraft:open_barrel":11,"minecraft:damage_dealt_resisted":1434,"minecraft:leave_game":3,"minecraft:time_since_death":26185,"minecraft:sleep_in_bed":2,"minecraft:climb_one_cm":238,"minecraft:time_since_rest":11462,"minecraft:sprint_one_cm":123409,"minecraft:damage_taken":2401,"minecraft:walk_one_cm":465875,"minecraft:drop":43,"minecraft:damage_dealt":3559,"minecraft:talked_to_villager":1,"minecraft:damage_dealt_absorbed":780,"minecraft:swim_one_cm":1091,"minecraft:fly_one_cm":184949,"minecraft:open_chest":40,"minecraft:crouch_one_cm":12563,"minecraft:deaths":3,"minecraft:play_time":106295,"minecraft:sneak_time":3503,"minecraft:walk_under_water_one_cm":416,"minecraft:jump":1389,"minecraft:walk_on_water_one_cm":2847,"minecraft:total_world_time":106295,"minecraft:fall_one_cm":25772},"minecraft:crafted":{"minecraft:cooked_beef":16,"minecraft:wooden_sword":1,"minecraft:oak_planks":24,"minecraft:stone_shovel":22,"minecraft:barrel":1,"minecraft:cooked_porkchop":12,"minecraft:crafting_table":5,"minecraft:spruce_planks":28,"minecraft:cooked_chicken":6,"minecraft:wooden_pickaxe":1,"minecraft:iron_sword":2,"minecraft:birch_slab":6,"minecraft:furnace":1,"minecraft:birch_planks":44,"minecraft:stone_axe":1,"minecraft:bread":27,"minecraft:cooked_mutton":9,"minecraft:air":0,"minecraft:stick":48,"minecraft:iron_ingot":16,"minecraft:iron_pickaxe":1,"minecraft:stone_pickaxe":1,"minecraft:stone_sword":1,"minecraft:snow_block":97,"minecraft:chest":1,"minecraft:white_bed":1,"minecraft:wheat":81},"minecraft:killed_by":{"minecraft:zombie":3},"minecraft:used":{"minecraft:stone_sword":107,"minecraft:snow_block":5,"minecraft:stone_shovel":2474,"minecraft:stone_pickaxe":88,"minecraft:chest":1,"minecraft:wooden_pickaxe":7,"minecraft:iron_sword":22,"minecraft:torch":1,"minecraft:dirt":138,"minecraft:crafting_table":8,"minecraft:white_bed":2,"minecraft:snowball":30,"minecraft:apple":1,"minecraft:iron_pickaxe":203,"minecraft:bread":10,"minecraft:stone_button":1,"minecraft:birch_sapling":2,"minecraft:barrel":1,"minecraft:stone_axe":21,"minecraft:wooden_sword":10,"minecraft:cobblestone":1,"minecraft:sweet_berries":2,"minecraft:oak_sapling":1,"minecraft:furnace":1,"minecraft:cooked_porkchop":5,"minecraft:cooked_beef":10},"minecraft:broken":{"minecraft:stone_shovel":18},"minecraft:picked_up":{"minecraft:birch_log":11,"minecraft:crafting_table":4,"minecraft:feather":1,"minecraft:chicken":4,"minecraft:leather":4,"minecraft:oak_log":6,"gravestone:obituary":1,"minecraft:string":1,"minecraft:dirt":2222,"minecraft:wheat_seeds":9,"minecraft:beef":6,"minecraft:iron_nugget":5,"minecraft:birch_sapling":5,"minecraft:soul_sand":5,"minecraft:furnace":1,"minecraft:raw_iron":16,"minecraft:stick":10,"minecraft:sweet_berries":20,"minecraft:torch":1,"minecraft:porkchop":11,"minecraft:stone_button":1,"minecraft:ink_sac":2,"minecraft:white_bed":3,"minecraft:spruce_log":7,"minecraft:rotten_flesh":2,"minecraft:arrow":3,"minecraft:hay_block":9,"minecraft:armadillo_scute":2,"minecraft:oak_sapling":4,"minecraft:snowball":482,"minecraft:mutton":9,"minecraft:coal":31,"minecraft:white_wool":5,"minecraft:cobblestone":312}},"DataVersion":4189}