{"stats":{"minecraft:killed":{"minecraft:pillager":1},"minecraft:dropped":{"minecraft:wheat_seeds":1},"minecraft:mined":{"minecraft:podzol":1,"minecraft:short_grass":2,"minecraft:grass_block":3,"minecraft:coarse_dirt":1,"minecraft:dirt":9,"minecraft:sweet_berry_bush":2,"minecraft:spruce_leaves":4,"minecraft:spruce_log":7,"minecraft:stone":6,"minecraft:fern":3},"minecraft:custom":{"minecraft:open_barrel":2,"minecraft:time_since_rest":11124,"minecraft:crouch_one_cm":230,"minecraft:play_time":11124,"minecraft:sprint_one_cm":19747,"minecraft:damage_taken":305,"minecraft:walk_one_cm":44308,"minecraft:sneak_time":41,"minecraft:mob_kills":1,"minecraft:drop":1,"minecraft:jump":164,"minecraft:damage_dealt":338,"minecraft:leave_game":2,"minecraft:time_since_death":11124,"minecraft:climb_one_cm":238,"minecraft:total_world_time":11124,"minecraft:interact_with_crafting_table":5,"minecraft:fall_one_cm":3580,"minecraft:fly_one_cm":24019,"minecraft:open_chest":2},"minecraft:crafted":{"minecraft:wooden_sword":1,"minecraft:crafting_table":2,"minecraft:spruce_planks":28,"minecraft:stick":4,"minecraft:wooden_pickaxe":1},"minecraft:used":{"minecraft:wooden_sword":10,"minecraft:crafting_table":2,"minecraft:bread":6,"minecraft:wooden_pickaxe":7},"minecraft:picked_up":{"minecraft:stick":1,"minecraft:sweet_berries":20,"minecraft:wheat_seeds":2,"minecraft:spruce_log":7,"minecraft:dirt":13,"minecraft:cobblestone":6}},"DataVersion":4189}