{"stats":{"minecraft:killed":{"minecraft:pig":7,"minecraft:spider":1,"minecraft:sheep":5,"minecraft:skeleton":4,"minecraft:pillager":1,"minecraft:zombie":3,"minecraft:chicken":4,"minecraft:cow":4},"minecraft:dropped":{"minecraft:gravel":3,"minecraft:iron_sword":1,"minecraft:birch_planks":3,"minecraft:wheat_seeds":10,"minecraft:iron_nugget":5,"minecraft:stone_sword":1,"minecraft:birch_sapling":3,"minecraft:stone_shovel":2,"minecraft:feather":1,"minecraft:rotten_flesh":2,"minecraft:white_bed":1,"minecraft:stick":1,"minecraft:dirt":387,"minecraft:oak_sapling":3,"minecraft:snowball":45,"gravestone:obituary":4,"minecraft:wooden_sword":1,"minecraft:armadillo_scute":1,"minecraft:stone_pickaxe":2,"minecraft:wooden_pickaxe":1},"minecraft:mined":{"minecraft:podzol":1,"minecraft:white_bed":2,"minecraft:snow_block":4,"minecraft:crafting_table":4,"minecraft:torch":1,"gravestone:gravestone":3,"minecraft:short_grass":18,"minecraft:grass_block":986,"minecraft:tall_grass":3,"minecraft:spruce_leaves":4,"minecraft:hay_block":9,"minecraft:coarse_dirt":1,"minecraft:furnace":1,"minecraft:snow":381,"minecraft:iron_ore":20,"minecraft:birch_log":11,"minecraft:sweet_berry_bush":2,"minecraft:spruce_log":7,"minecraft:oak_log":6,"minecraft:dirt_path":1,"minecraft:coal_ore":44,"minecraft:gravel":11,"minecraft:dirt":1316,"minecraft:stone":453,"minecraft:oak_leaves":3,"minecraft:fern":3},"minecraft:custom":{"minecraft:interact_with_furnace":26,"minecraft:mob_kills":29,"minecraft:interact_with_crafting_table":43,"minecraft:open_barrel":12,"minecraft:damage_dealt_resisted":1434,"minecraft:leave_game":3,"minecraft:time_since_death":38185,"minecraft:sleep_in_bed":3,"minecraft:climb_one_cm":238,"minecraft:time_since_rest":9877,"minecraft:sprint_one_cm":136707,"minecraft:damage_taken":2451,"minecraft:walk_one_cm":524195,"minecraft:drop":50,"minecraft:damage_dealt":3649,"minecraft:talked_to_villager":1,"minecraft:damage_dealt_absorbed":780,"minecraft:swim_one_cm":1091,"minecraft:fly_one_cm":205466,"minecraft:open_chest":41,"minecraft:crouch_one_cm":15271,"minecraft:deaths":3,"minecraft:play_time":118295,"minecraft:sneak_time":4245,"minecraft:walk_under_water_one_cm":416,"minecraft:jump":1530,"minecraft:walk_on_water_one_cm":2847,"minecraft:total_world_time":118295,"minecraft:fall_one_cm":29051},"minecraft:crafted":{"minecraft:cooked_beef":16,"minecraft:wooden_sword":1,"minecraft:oak_planks":24,"minecraft:stone_shovel":24,"minecraft:barrel":1,"minecraft:cooked_porkchop":12,"minecraft:crafting_table":5,"minecraft:spruce_planks":28,"minecraft:cooked_chicken":6,"minecraft:wooden_pickaxe":1,"minecraft:iron_sword":2,"minecraft:birch_slab":6,"minecraft:furnace":1,"minecraft:birch_planks":44,"minecraft:stone_axe":1,"minecraft:bread":27,"minecraft:cooked_mutton":9,"minecraft:air":0,"minecraft:stick":60,"minecraft:iron_ingot":16,"minecraft:iron_pickaxe":3,"minecraft:stone_pickaxe":3,"minecraft:stone_sword":1,"minecraft:snow_block":97,"minecraft:chest":1,"minecraft:white_bed":1,"minecraft:wheat":81},"minecraft:killed_by":{"minecraft:zombie":3},"minecraft:used":{"minecraft:stone_sword":107,"minecraft:snow_block":5,"minecraft:stone_shovel":2671,"minecraft:stone_pickaxe":144,"minecraft:chest":1,"minecraft:wooden_pickaxe":7,"minecraft:iron_sword":23,"minecraft:torch":1,"minecraft:dirt":167,"minecraft:crafting_table":8,"minecraft:white_bed":2,"minecraft:snowball":30,"minecraft:apple":1,"minecraft:iron_pickaxe":374,"minecraft:bread":12,"minecraft:stone_button":1,"minecraft:birch_sapling":2,"minecraft:barrel":1,"minecraft:stone_axe":21,"minecraft:wooden_sword":10,"minecraft:cobblestone":1,"minecraft:sweet_berries":2,"minecraft:oak_sapling":1,"minecraft:furnace":1,"minecraft:cooked_porkchop":5,"minecraft:cooked_beef":10},"minecraft:broken":{"minecraft:iron_pickaxe":1,"minecraft:stone_shovel":19,"minecraft:stone_pickaxe":1},"minecraft:picked_up":{"minecraft:birch_log":11,"minecraft:crafting_table":4,"minecraft:feather":1,"minecraft:chicken":4,"minecraft:leather":4,"minecraft:oak_log":6,"gravestone:obituary":1,"minecraft:string":1,"minecraft:dirt":2406,"minecraft:wheat_seeds":9,"minecraft:beef":6,"minecraft:iron_nugget":5,"minecraft:birch_sapling":5,"minecraft:soul_sand":5,"minecraft:furnace":1,"minecraft:raw_iron":20,"minecraft:stick":10,"minecraft:sweet_berries":20,"minecraft:torch":1,"minecraft:gravel":4,"minecraft:porkchop":11,"minecraft:stone_button":1,"minecraft:ink_sac":2,"minecraft:white_bed":3,"minecraft:spruce_log":7,"minecraft:rotten_flesh":2,"minecraft:arrow":3,"minecraft:hay_block":9,"minecraft:armadillo_scute":2,"minecraft:oak_sapling":4,"minecraft:snowball":484,"minecraft:mutton":9,"minecraft:coal":45,"minecraft:white_wool":5,"minecraft:cobblestone":518}},"DataVersion":4189}