{"stats":{"minecraft:killed":{"minecraft:pig":7,"minecraft:sheep":5,"minecraft:skeleton":1,"minecraft:pillager":1,"minecraft:chicken":2,"minecraft:cow":4},"minecraft:dropped":{"minecraft:wheat_seeds":5,"minecraft:birch_sapling":3,"minecraft:feather":1,"minecraft:oak_sapling":3,"minecraft:wooden_sword":1,"minecraft:wooden_pickaxe":1},"minecraft:mined":{"minecraft:podzol":1,"minecraft:crafting_table":3,"minecraft:short_grass":9,"minecraft:grass_block":7,"minecraft:tall_grass":3,"minecraft:spruce_leaves":4,"minecraft:hay_block":9,"minecraft:coarse_dirt":1,"minecraft:furnace":1,"minecraft:birch_log":11,"minecraft:sweet_berry_bush":2,"minecraft:spruce_log":7,"minecraft:coal_ore":11,"minecraft:dirt":12,"minecraft:stone":42,"minecraft:oak_leaves":3,"minecraft:fern":3},"minecraft:custom":{"minecraft:interact_with_furnace":9,"minecraft:mob_kills":20,"minecraft:interact_with_crafting_table":11,"minecraft:open_barrel":5,"minecraft:damage_dealt_resisted":319,"minecraft:leave_game":3,"minecraft:time_since_death":34295,"minecraft:sleep_in_bed":1,"minecraft:climb_one_cm":238,"minecraft:time_since_rest":1117,"minecraft:sprint_one_cm":68647,"minecraft:damage_taken":875,"minecraft:walk_one_cm":145266,"minecraft:drop":9,"minecraft:damage_dealt":2216,"minecraft:talked_to_villager":1,"minecraft:damage_dealt_absorbed":179,"minecraft:swim_one_cm":1091,"minecraft:fly_one_cm":88850,"minecraft:open_chest":5,"minecraft:crouch_one_cm":1831,"minecraft:play_time":34295,"minecraft:sneak_time":387,"minecraft:walk_under_water_one_cm":416,"minecraft:jump":601,"minecraft:walk_on_water_one_cm":2747,"minecraft:total_world_time":34295,"minecraft:fall_one_cm":12584},"minecraft:crafted":{"minecraft:wooden_sword":1,"minecraft:cooked_porkchop":5,"minecraft:crafting_table":3,"minecraft:spruce_planks":28,"minecraft:wooden_pickaxe":1,"minecraft:furnace":1,"minecraft:birch_planks":44,"minecraft:stone_axe":1,"minecraft:air":0,"minecraft:stick":8,"minecraft:stone_pickaxe":1,"minecraft:stone_sword":1,"minecraft:white_bed":1},"minecraft:used":{"minecraft:stone_sword":65,"minecraft:stone_pickaxe":53,"minecraft:wooden_pickaxe":7,"minecraft:dirt":10,"minecraft:crafting_table":6,"minecraft:white_bed":1,"minecraft:bread":10,"minecraft:stone_button":1,"minecraft:birch_sapling":2,"minecraft:stone_axe":14,"minecraft:wooden_sword":10,"minecraft:cobblestone":1,"minecraft:sweet_berries":2,"minecraft:furnace":1,"minecraft:cooked_porkchop":5},"minecraft:picked_up":{"minecraft:birch_log":11,"minecraft:crafting_table":3,"minecraft:feather":1,"minecraft:chicken":2,"minecraft:leather":4,"minecraft:dirt":52,"minecraft:wheat_seeds":5,"minecraft:beef":6,"minecraft:birch_sapling":5,"minecraft:soul_sand":5,"minecraft:furnace":1,"minecraft:stick":7,"minecraft:sweet_berries":20,"minecraft:porkchop":11,"minecraft:stone_button":1,"minecraft:ink_sac":2,"minecraft:spruce_log":7,"minecraft:arrow":1,"minecraft:hay_block":9,"minecraft:mutton":9,"minecraft:coal":11,"minecraft:white_wool":5,"minecraft:cobblestone":59}},"DataVersion":4189}