{"stats":{"minecraft:crafted":{"minecraft:wooden_sword":1,"minecraft:oak_planks":40,"minecraft:pale_oak_stairs":96,"minecraft:stone_shovel":24,"minecraft:barrel":1,"minecraft:cooked_chicken":6,"minecraft:birch_slab":6,"minecraft:furnace":1,"minecraft:cooked_mutton":9,"minecraft:pale_oak_planks":144,"minecraft:stone_pickaxe":4,"minecraft:chest":1,"minecraft:wheat":81,"minecraft:cooked_beef":16,"minecraft:cooked_porkchop":12,"minecraft:crafting_table":5,"minecraft:spruce_planks":28,"minecraft:wooden_pickaxe":1,"minecraft:iron_sword":2,"minecraft:birch_planks":96,"minecraft:stone_axe":3,"minecraft:bread":27,"minecraft:air":0,"minecraft:stick":72,"minecraft:iron_ingot":22,"minecraft:iron_pickaxe":6,"minecraft:oak_stairs":4,"minecraft:stone_sword":1,"minecraft:snow_block":97,"minecraft:white_bed":1,"minecraft:birch_stairs":4},"minecraft:killed_by":{"minecraft:zombie":3},"minecraft:dropped":{"minecraft:iron_sword":1,"minecraft:birch_planks":3,"minecraft:wheat_seeds":10,"minecraft:pale_oak_log":84,"minecraft:crafting_table":1,"minecraft:feather":1,"minecraft:stick":1,"minecraft:dirt":387,"minecraft:dark_oak_log":91,"minecraft:torch":1,"minecraft:snowball":45,"gravestone:obituary":5,"minecraft:oak_stairs":4,"minecraft:wooden_sword":1,"minecraft:armadillo_scute":1,"minecraft:gravel":18,"minecraft:iron_nugget":10,"minecraft:stone_sword":1,"minecraft:birch_sapling":3,"minecraft:stone_shovel":2,"minecraft:rotten_flesh":4,"minecraft:white_bed":1,"minecraft:oak_sapling":3,"minecraft:wooden_pickaxe":1,"minecraft:stone_pickaxe":3},"minecraft:killed":{"minecraft:spider":1,"minecraft:skeleton":4,"minecraft:chicken":4,"minecraft:pig":7,"minecraft:sheep":5,"minecraft:pillager":1,"minecraft:zombie":3,"minecraft:cow":4},"minecraft:broken":{"minecraft:stone_pickaxe":1,"minecraft:stone_axe":1,"minecraft:iron_pickaxe":5,"minecraft:stone_shovel":22},"minecraft:picked_up":{"minecraft:crafting_table":5,"minecraft:chicken":4,"minecraft:oak_stairs":8,"gravestone:obituary":1,"minecraft:string":1,"minecraft:beef":6,"minecraft:iron_nugget":5,"minecraft:birch_sapling":9,"minecraft:pale_oak_stairs":4,"minecraft:furnace":1,"minecraft:dark_oak_sapling":8,"minecraft:stick":29,"minecraft:raw_iron":36,"minecraft:torch":5,"minecraft:porkchop":11,"minecraft:pale_oak_sapling":9,"minecraft:stone_button":1,"minecraft:arrow":3,"minecraft:rotten_flesh":4,"minecraft:hay_block":9,"minecraft:armadillo_scute":2,"minecraft:mutton":9,"minecraft:cobblestone":1558,"minecraft:snowball":484,"minecraft:white_wool":5,"minecraft:birch_log":24,"minecraft:feather":1,"minecraft:leather":4,"minecraft:flint":3,"minecraft:oak_log":14,"minecraft:dirt":2630,"minecraft:apple":2,"minecraft:wheat_seeds":9,"minecraft:pale_oak_log":120,"minecraft:soul_sand":5,"minecraft:sweet_berries":20,"minecraft:gravel":18,"minecraft:birch_stairs":4,"minecraft:ink_sac":2,"minecraft:white_bed":3,"minecraft:spruce_log":7,"minecraft:dark_oak_log":91,"minecraft:emerald":1,"minecraft:oak_sapling":21,"minecraft:coal":62},"minecraft:mined":{"minecraft:white_bed":2,"minecraft:dark_oak_log":91,"gravestone:gravestone":4,"minecraft:grass_block":1134,"minecraft:spruce_leaves":4,"minecraft:hay_block":9,"minecraft:furnace":1,"minecraft:iron_ore":36,"minecraft:snow":382,"minecraft:pale_oak_stairs":4,"minecraft:dirt_path":1,"minecraft:oak_stairs":4,"minecraft:pale_oak_log":120,"minecraft:stone":1491,"minecraft:podzol":1,"minecraft:birch_stairs":4,"minecraft:snow_block":4,"minecraft:crafting_table":5,"minecraft:torch":3,"minecraft:short_grass":19,"minecraft:emerald_ore":1,"minecraft:tall_grass":3,"minecraft:cobblestone":3,"minecraft:birch_sapling":1,"minecraft:coarse_dirt":1,"minecraft:birch_log":24,"minecraft:sweet_berry_bush":2,"minecraft:spruce_log":7,"minecraft:oak_log":10,"minecraft:coal_ore":61,"minecraft:gravel":30,"minecraft:dirt":1425,"minecraft:oak_leaves":5,"minecraft:fern":3},"minecraft:custom":{"minecraft:mob_kills":29,"minecraft:interact_with_crafting_table":55,"minecraft:open_barrel":13,"minecraft:damage_dealt_resisted":1434,"minecraft:leave_game":5,"minecraft:time_since_death":20589,"minecraft:climb_one_cm":238,"minecraft:sprint_one_cm":197846,"minecraft:walk_one_cm":772773,"minecraft:drop":79,"minecraft:damage_dealt_absorbed":780,"minecraft:talked_to_villager":1,"minecraft:play_time":183124,"minecraft:deaths":4,"minecraft:sneak_time":10468,"minecraft:walk_under_water_one_cm":416,"minecraft:jump":2265,"minecraft:walk_on_water_one_cm":2847,"minecraft:total_world_time":183124,"minecraft:interact_with_furnace":28,"minecraft:sleep_in_bed":5,"minecraft:time_since_rest":20621,"minecraft:damage_taken":3251,"minecraft:damage_dealt":3956,"minecraft:swim_one_cm":1091,"minecraft:fly_one_cm":331278,"minecraft:open_chest":49,"minecraft:crouch_one_cm":37197,"minecraft:fall_one_cm":47841},"minecraft:used":{"minecraft:stone_sword":107,"minecraft:pale_oak_stairs":100,"minecraft:stone_shovel":2936,"minecraft:chest":1,"minecraft:iron_sword":27,"minecraft:torch":3,"minecraft:dirt":719,"minecraft:snowball":42,"minecraft:pale_oak_sapling":8,"minecraft:oak_stairs":4,"minecraft:birch_sapling":5,"minecraft:barrel":1,"minecraft:sweet_berries":2,"minecraft:furnace":1,"minecraft:oak_sapling":5,"minecraft:cooked_beef":10,"minecraft:dark_oak_sapling":8,"minecraft:snow_block":5,"minecraft:stone_pickaxe":144,"minecraft:wooden_pickaxe":7,"minecraft:crafting_table":9,"minecraft:white_bed":2,"minecraft:apple":1,"minecraft:bread":22,"minecraft:iron_pickaxe":1451,"minecraft:stone_button":1,"minecraft:stone_axe":266,"minecraft:wooden_sword":10,"minecraft:cobblestone":4,"minecraft:cooked_porkchop":6,"minecraft:birch_stairs":4}},"DataVersion":4189}