{"stats":{"minecraft:crafted":{"minecraft:wooden_sword":1,"minecraft:oak_planks":40,"minecraft:pale_oak_stairs":132,"minecraft:stone_shovel":28,"minecraft:barrel":1,"minecraft:cooked_chicken":6,"minecraft:birch_slab":6,"minecraft:furnace":1,"minecraft:cobblestone_stairs":128,"minecraft:cooked_mutton":9,"minecraft:pale_oak_planks":288,"minecraft:glass":110,"minecraft:stone_pickaxe":4,"minecraft:chest":1,"minecraft:dark_oak_planks":256,"minecraft:wheat":81,"minecraft:cooked_beef":16,"minecraft:cooked_porkchop":12,"minecraft:dark_oak_stairs":64,"minecraft:crafting_table":6,"minecraft:spruce_planks":28,"minecraft:wooden_pickaxe":1,"minecraft:iron_sword":2,"minecraft:birch_planks":96,"minecraft:stone_axe":4,"minecraft:bread":27,"minecraft:air":0,"minecraft:shield":1,"minecraft:stick":80,"minecraft:iron_ingot":32,"minecraft:iron_pickaxe":7,"minecraft:oak_stairs":4,"minecraft:stone_sword":1,"minecraft:snow_block":97,"minecraft:white_bed":1,"minecraft:birch_stairs":4},"minecraft:killed_by":{"minecraft:zombie":3},"minecraft:dropped":{"minecraft:iron_sword":1,"minecraft:dark_oak_stairs":2,"minecraft:birch_planks":3,"minecraft:wheat_seeds":10,"minecraft:pale_oak_log":84,"minecraft:crafting_table":1,"minecraft:feather":1,"minecraft:stick":1,"minecraft:cobblestone_stairs":63,"minecraft:dirt":387,"minecraft:dark_oak_log":91,"minecraft:torch":1,"minecraft:snowball":45,"gravestone:obituary":6,"minecraft:oak_stairs":4,"minecraft:wooden_sword":1,"minecraft:armadillo_scute":1,"minecraft:dandelion":1,"minecraft:gravel":18,"minecraft:iron_nugget":10,"minecraft:stone_sword":1,"minecraft:birch_sapling":3,"minecraft:stone_shovel":2,"minecraft:rotten_flesh":4,"minecraft:white_bed":1,"minecraft:gunpowder":2,"minecraft:oak_sapling":3,"minecraft:glass":92,"minecraft:wooden_pickaxe":1,"minecraft:stone_pickaxe":3},"minecraft:killed":{"minecraft:spider":1,"minecraft:skeleton":5,"minecraft:chicken":4,"minecraft:pig":7,"minecraft:creeper":1,"minecraft:sheep":5,"minecraft:pillager":1,"minecraft:zombie":4,"minecraft:cow":4},"minecraft:broken":{"minecraft:stone_pickaxe":1,"minecraft:stone_axe":3,"minecraft:iron_pickaxe":6,"minecraft:stone_shovel":24},"minecraft:picked_up":{"minecraft:crafting_table":6,"minecraft:chicken":4,"minecraft:oak_stairs":8,"gravestone:obituary":1,"minecraft:string":1,"minecraft:beef":6,"minecraft:andesite_stairs":1,"minecraft:iron_nugget":5,"minecraft:birch_sapling":10,"minecraft:pale_oak_stairs":38,"minecraft:furnace":1,"minecraft:dark_oak_sapling":18,"minecraft:stick":42,"minecraft:raw_iron":56,"minecraft:torch":6,"minecraft:porkchop":11,"minecraft:pale_oak_sapling":13,"minecraft:stone_button":1,"minecraft:arrow":3,"minecraft:rotten_flesh":5,"minecraft:hay_block":9,"minecraft:armadillo_scute":4,"minecraft:mutton":9,"minecraft:rail":1,"minecraft:snowball":493,"minecraft:white_wool":5,"minecraft:cobblestone":1622,"minecraft:birch_log":31,"minecraft:feather":1,"minecraft:andesite":2,"minecraft:leather":4,"minecraft:pale_oak_planks":5,"minecraft:flint":3,"minecraft:oak_log":14,"minecraft:gunpowder":4,"minecraft:dirt":2708,"minecraft:bone":2,"minecraft:apple":5,"minecraft:wheat_seeds":9,"minecraft:pale_oak_log":156,"minecraft:soul_sand":5,"minecraft:dark_oak_stairs":5,"minecraft:sweet_berries":20,"minecraft:dandelion":1,"minecraft:sand":128,"minecraft:gravel":18,"minecraft:birch_stairs":4,"minecraft:ink_sac":2,"minecraft:white_bed":3,"minecraft:spruce_log":7,"minecraft:dark_oak_log":168,"minecraft:emerald":1,"minecraft:oak_sapling":21,"minecraft:coal":62,"minecraft:sunflower":3},"minecraft:mined":{"minecraft:white_bed":2,"minecraft:dark_oak_log":152,"gravestone:gravestone":4,"minecraft:grass_block":1143,"minecraft:spruce_leaves":4,"minecraft:hay_block":9,"minecraft:furnace":1,"minecraft:iron_ore":56,"minecraft:snow":382,"minecraft:andesite":1,"minecraft:dark_oak_stairs":4,"minecraft:pale_oak_stairs":38,"minecraft:dirt_path":1,"minecraft:oak_stairs":4,"minecraft:pale_oak_log":156,"minecraft:stone":1529,"minecraft:podzol":1,"minecraft:birch_stairs":4,"minecraft:snow_block":4,"minecraft:crafting_table":6,"minecraft:torch":3,"minecraft:short_grass":20,"minecraft:emerald_ore":1,"minecraft:pale_oak_planks":6,"minecraft:tall_grass":4,"minecraft:cobblestone":3,"minecraft:wall_torch":1,"minecraft:birch_sapling":1,"minecraft:seagrass":1,"minecraft:coarse_dirt":1,"minecraft:birch_log":31,"minecraft:sweet_berry_bush":2,"minecraft:spruce_log":7,"minecraft:oak_log":10,"minecraft:coal_ore":61,"minecraft:sunflower":4,"minecraft:sand":131,"minecraft:gravel":30,"minecraft:dirt":1591,"minecraft:oak_leaves":5,"minecraft:fern":3},"minecraft:custom":{"minecraft:mob_kills":32,"minecraft:interact_with_crafting_table":69,"minecraft:open_barrel":35,"minecraft:damage_dealt_resisted":1630,"minecraft:leave_game":6,"minecraft:time_since_death":398,"minecraft:climb_one_cm":238,"minecraft:sprint_one_cm":327478,"minecraft:walk_one_cm":923108,"minecraft:drop":91,"minecraft:damage_dealt_absorbed":864,"minecraft:talked_to_villager":1,"minecraft:play_time":275951,"minecraft:deaths":5,"minecraft:sneak_time":17033,"minecraft:walk_under_water_one_cm":8942,"minecraft:jump":3050,"minecraft:walk_on_water_one_cm":20965,"minecraft:total_world_time":275951,"minecraft:interact_with_furnace":46,"minecraft:sleep_in_bed":7,"minecraft:time_since_rest":470,"minecraft:damage_taken":4514,"minecraft:trigger_trapped_chest":1,"minecraft:damage_dealt":4491,"minecraft:swim_one_cm":10714,"minecraft:fly_one_cm":491735,"minecraft:open_chest":98,"minecraft:crouch_one_cm":54808,"minecraft:fall_one_cm":72214},"minecraft:used":{"minecraft:stone_sword":107,"minecraft:stone_shovel":3225,"minecraft:pale_oak_stairs":152,"minecraft:chest":1,"minecraft:iron_sword":38,"minecraft:torch":3,"minecraft:dirt":1042,"minecraft:snowball":51,"minecraft:glass":18,"minecraft:pale_oak_sapling":12,"minecraft:pale_oak_planks":6,"minecraft:oak_stairs":4,"minecraft:birch_sapling":6,"minecraft:barrel":1,"minecraft:sweet_berries":2,"minecraft:oak_sapling":5,"minecraft:furnace":1,"minecraft:cooked_beef":10,"minecraft:dark_oak_sapling":16,"minecraft:dark_oak_stairs":63,"minecraft:cobblestone_stairs":116,"minecraft:snow_block":5,"minecraft:stone_pickaxe":144,"minecraft:wooden_pickaxe":7,"minecraft:crafting_table":10,"minecraft:white_bed":2,"minecraft:apple":1,"minecraft:bread":39,"minecraft:iron_pickaxe":1510,"minecraft:stone_button":1,"minecraft:stone_axe":417,"minecraft:wooden_sword":10,"minecraft:cobblestone":6,"minecraft:cooked_porkchop":10,"minecraft:andesite_stairs":1,"minecraft:andesite":1,"minecraft:birch_stairs":4}},"DataVersion":4189}