{"stats":{"minecraft:killed":{"minecraft:pig":7,"minecraft:spider":1,"minecraft:sheep":5,"minecraft:skeleton":4,"minecraft:pillager":1,"minecraft:zombie":3,"minecraft:chicken":4,"minecraft:cow":4},"minecraft:dropped":{"minecraft:iron_sword":1,"minecraft:birch_planks":3,"minecraft:wheat_seeds":9,"minecraft:iron_nugget":5,"minecraft:birch_sapling":3,"minecraft:stone_shovel":2,"minecraft:feather":1,"minecraft:rotten_flesh":2,"minecraft:white_bed":1,"minecraft:dirt":322,"minecraft:oak_sapling":3,"minecraft:snowball":34,"gravestone:obituary":4,"minecraft:wooden_sword":1,"minecraft:armadillo_scute":1,"minecraft:wooden_pickaxe":1},"minecraft:mined":{"minecraft:podzol":1,"minecraft:white_bed":2,"minecraft:snow_block":4,"minecraft:crafting_table":3,"minecraft:torch":1,"gravestone:gravestone":3,"minecraft:short_grass":15,"minecraft:grass_block":569,"minecraft:tall_grass":3,"minecraft:spruce_leaves":4,"minecraft:hay_block":9,"minecraft:coarse_dirt":1,"minecraft:furnace":1,"minecraft:snow":311,"minecraft:iron_ore":9,"minecraft:birch_log":11,"minecraft:sweet_berry_bush":2,"minecraft:spruce_log":7,"minecraft:coal_ore":29,"minecraft:dirt":692,"minecraft:stone":56,"minecraft:oak_leaves":3,"minecraft:fern":3},"minecraft:custom":{"minecraft:interact_with_furnace":20,"minecraft:mob_kills":29,"minecraft:interact_with_crafting_table":32,"minecraft:open_barrel":5,"minecraft:damage_dealt_resisted":1434,"minecraft:leave_game":3,"minecraft:time_since_death":2185,"minecraft:sleep_in_bed":1,"minecraft:climb_one_cm":238,"minecraft:time_since_rest":2215,"minecraft:sprint_one_cm":103987,"minecraft:damage_taken":2391,"minecraft:walk_one_cm":357876,"minecraft:drop":37,"minecraft:damage_dealt":3559,"minecraft:talked_to_villager":1,"minecraft:damage_dealt_absorbed":780,"minecraft:swim_one_cm":1091,"minecraft:fly_one_cm":147562,"minecraft:open_chest":27,"minecraft:crouch_one_cm":12197,"minecraft:deaths":3,"minecraft:play_time":82295,"minecraft:sneak_time":3442,"minecraft:walk_under_water_one_cm":416,"minecraft:jump":1173,"minecraft:walk_on_water_one_cm":2847,"minecraft:total_world_time":82295,"minecraft:fall_one_cm":23798},"minecraft:crafted":{"minecraft:cooked_beef":16,"minecraft:wooden_sword":1,"minecraft:stone_shovel":14,"minecraft:cooked_porkchop":5,"minecraft:crafting_table":5,"minecraft:spruce_planks":28,"minecraft:cooked_chicken":3,"minecraft:wooden_pickaxe":1,"minecraft:iron_sword":2,"minecraft:furnace":1,"minecraft:birch_planks":44,"minecraft:stone_axe":1,"minecraft:bread":27,"minecraft:cooked_mutton":9,"minecraft:air":0,"minecraft:stick":36,"minecraft:iron_ingot":9,"minecraft:iron_pickaxe":1,"minecraft:stone_pickaxe":1,"minecraft:stone_sword":1,"minecraft:snow_block":87,"minecraft:chest":1,"minecraft:white_bed":1,"minecraft:wheat":81},"minecraft:killed_by":{"minecraft:zombie":3},"minecraft:used":{"minecraft:stone_sword":107,"minecraft:snow_block":5,"minecraft:stone_shovel":1547,"minecraft:stone_pickaxe":88,"minecraft:chest":1,"minecraft:wooden_pickaxe":7,"minecraft:iron_sword":22,"minecraft:torch":1,"minecraft:dirt":131,"minecraft:crafting_table":8,"minecraft:white_bed":2,"minecraft:snowball":20,"minecraft:apple":1,"minecraft:iron_pickaxe":7,"minecraft:bread":10,"minecraft:stone_button":1,"minecraft:birch_sapling":2,"minecraft:stone_axe":14,"minecraft:wooden_sword":10,"minecraft:cobblestone":1,"minecraft:sweet_berries":2,"minecraft:furnace":1,"minecraft:cooked_porkchop":5,"minecraft:cooked_beef":9},"minecraft:broken":{"minecraft:stone_shovel":11},"minecraft:picked_up":{"minecraft:birch_log":11,"minecraft:crafting_table":3,"minecraft:feather":1,"minecraft:chicken":4,"minecraft:leather":4,"gravestone:obituary":1,"minecraft:string":1,"minecraft:dirt":1346,"minecraft:wheat_seeds":8,"minecraft:beef":6,"minecraft:iron_nugget":5,"minecraft:birch_sapling":5,"minecraft:soul_sand":5,"minecraft:furnace":1,"minecraft:raw_iron":9,"minecraft:stick":8,"minecraft:sweet_berries":20,"minecraft:torch":1,"minecraft:porkchop":11,"minecraft:stone_button":1,"minecraft:ink_sac":2,"minecraft:white_bed":3,"minecraft:spruce_log":7,"minecraft:rotten_flesh":2,"minecraft:arrow":3,"minecraft:hay_block":9,"minecraft:armadillo_scute":2,"minecraft:snowball":406,"minecraft:mutton":9,"minecraft:coal":30,"minecraft:white_wool":5,"minecraft:cobblestone":123}},"DataVersion":4189}