{"stats":{"minecraft:picked_up":{"minecraft:wheat":1,"minecraft:creeper_head":2,"minecraft:stone_slab":4,"minecraft:oak_stairs":8,"minecraft:string":25,"minecraft:zombie_head":1,"minecraft:tnt_minecart":2,"minecraft:cobbled_deepslate":387,"minecraft:spruce_planks":1,"minecraft:cobblestone_slab":1,"minecraft:furnace":5,"minecraft:pale_oak_stairs":38,"minecraft:stick":78,"minecraft:torch":58,"minecraft:porkchop":11,"minecraft:pale_oak_sapling":36,"minecraft:goat_horn":3,"minecraft:brown_carpet":1,"travelersbackpack:iron":2,"minecraft:rotten_flesh":30,"minecraft:armadillo_scute":4,"minecraft:obsidian":25,"minecraft:snowball":506,"minecraft:cobblestone":1908,"minecraft:birch_log":73,"minecraft:feather":1,"minecraft:iron_door":1,"minecraft:andesite":7,"minecraft:pale_oak_planks":16,"minecraft:flint":5,"minecraft:tuff":40,"minecraft:lapis_lazuli":111,"minecraft:dirt":3102,"minecraft:lantern":3,"minecraft:bone":14,"minecraft:acacia_planks":1,"minecraft:wheat_seeds":12,"minecraft:raw_gold":25,"minecraft:mossy_stone_bricks":123,"minecraft:pale_oak_log":289,"minecraft:powered_rail":2,"minecraft:sand":128,"minecraft:ink_sac":2,"minecraft:grass_block":1,"minecraft:dark_oak_log":251,"minecraft:sugar":2,"minecraft:diamond":9,"minecraft:emerald":21,"minecraft:oak_sapling":21,"minecraft:andesite_slab":1,"minecraft:diamond_pickaxe":1,"minecraft:crafting_table":8,"minecraft:chicken":4,"minecraft:gold_block":8,"gravestone:obituary":2,"minecraft:cracked_stone_bricks":39,"minecraft:detector_rail":4,"minecraft:beef":6,"minecraft:andesite_stairs":1,"minecraft:iron_nugget":11,"minecraft:birch_sapling":30,"minecraft:dark_oak_sapling":32,"minecraft:raw_iron":204,"minecraft:stone_button":1,"minecraft:redstone":94,"minecraft:dark_oak_planks":23,"minecraft:arrow":10,"minecraft:hay_block":9,"minecraft:tuff_bricks":16,"minecraft:mutton":9,"minecraft:white_wool":5,"minecraft:rail":116,"minecraft:glow_ink_sac":1,"minecraft:leather":4,"minecraft:birch_planks":170,"minecraft:oak_log":14,"minecraft:chainmail_chestplate":1,"minecraft:golden_boots":1,"minecraft:gunpowder":14,"minecraft:stone_bricks":141,"minecraft:apple":7,"minecraft:iron_ingot":1,"minecraft:soul_sand":5,"minecraft:dark_oak_stairs":5,"minecraft:polished_andesite_stairs":2,"minecraft:sweet_berries":20,"minecraft:dandelion":1,"minecraft:gravel":52,"minecraft:birch_stairs":4,"minecraft:blast_furnace":1,"minecraft:white_bed":3,"minecraft:spruce_log":7,"minecraft:spider_eye":5,"minecraft:pumpkin_seeds":2,"minecraft:chainmail_leggings":2,"minecraft:coal":280,"minecraft:sunflower":3},"minecraft:used":{"minecraft:tuff_bricks":9,"minecraft:iron_shovel":425,"minecraft:pale_oak_stairs":152,"minecraft:shield":35,"minecraft:chest":1,"minecraft:iron_sword":463,"travelersbackpack:iron":27,"minecraft:snowball":64,"minecraft:glass":18,"minecraft:pale_oak_planks":45,"minecraft:birch_sapling":16,"minecraft:iron_helmet":1,"minecraft:stone_bricks":72,"minecraft:bow":25,"minecraft:sweet_berries":2,"minecraft:furnace":4,"minecraft:oak_sapling":5,"minecraft:dark_oak_sapling":28,"minecraft:dark_oak_stairs":63,"minecraft:mossy_stone_bricks":26,"minecraft:stone_pickaxe":147,"minecraft:wooden_pickaxe":7,"minecraft:diamond_axe":463,"minecraft:blast_furnace":1,"minecraft:bread":105,"minecraft:string":1,"minecraft:stone_button":1,"minecraft:iron_door":1,"minecraft:wooden_sword":10,"minecraft:andesite":4,"minecraft:bone_meal":25,"minecraft:experience_bottle":2,"minecraft:stone_sword":107,"minecraft:stone_shovel":3225,"minecraft:cooked_chicken":6,"minecraft:torch":298,"minecraft:dirt":1114,"minecraft:dark_oak_planks":288,"minecraft:pale_oak_sapling":20,"minecraft:oak_stairs":4,"minecraft:barrel":1,"minecraft:goat_horn":2,"minecraft:cooked_beef":16,"minecraft:cobbled_deepslate":86,"minecraft:iron_leggings":1,"minecraft:cooked_mutton":9,"minecraft:water_bucket":15,"minecraft:cobblestone_stairs":116,"minecraft:snow_block":5,"minecraft:birch_planks":170,"minecraft:cobblestone_slab":1,"minecraft:cracked_stone_bricks":18,"minecraft:rail":7,"minecraft:crafting_table":15,"minecraft:white_bed":2,"minecraft:diamond_pickaxe":20,"minecraft:apple":1,"minecraft:iron_pickaxe":3017,"minecraft:detector_rail":2,"minecraft:stone_axe":421,"minecraft:cobblestone":88,"travelersbackpack:standard":1,"minecraft:cooked_porkchop":11,"minecraft:andesite_stairs":1,"minecraft:bucket":17,"minecraft:birch_stairs":4},"minecraft:crafted":{"minecraft:oak_planks":40,"minecraft:pale_oak_stairs":132,"minecraft:barrel":1,"minecraft:cooked_chicken":6,"minecraft:birch_slab":6,"minecraft:cobblestone_stairs":128,"minecraft:cooked_mutton":9,"minecraft:pale_oak_planks":544,"minecraft:glass":144,"minecraft:chest":1,"minecraft:cooked_porkchop":12,"minecraft:crafting_table":8,"minecraft:spruce_planks":28,"minecraft:wooden_pickaxe":1,"minecraft:iron_helmet":1,"minecraft:gold_block":1,"minecraft:birch_planks":292,"minecraft:diamond_pickaxe":2,"minecraft:shield":1,"minecraft:stick":120,"minecraft:iron_ingot":224,"minecraft:iron_pickaxe":11,"minecraft:stone_sword":1,"minecraft:snow_block":97,"minecraft:gold_ingot":45,"minecraft:birch_stairs":4,"minecraft:wooden_sword":1,"minecraft:stone_shovel":28,"minecraft:furnace":2,"minecraft:bone_meal":33,"minecraft:stone_pickaxe":5,"minecraft:dark_oak_planks":588,"minecraft:wheat":81,"minecraft:cooked_beef":16,"minecraft:dark_oak_stairs":64,"minecraft:iron_sword":2,"minecraft:stone_axe":4,"minecraft:bread":27,"minecraft:air":0,"minecraft:gold_nugget":9,"minecraft:oak_stairs":4,"minecraft:iron_leggings":1,"minecraft:white_bed":1,"minecraft:torch":220},"minecraft:killed_by":{"minecraft:vindicator":2,"minecraft:zombie":6},"minecraft:mined":{"minecraft:dark_oak_planks":23,"minecraft:white_bed":2,"minecraft:obsidian":20,"minecraft:grass_block":1215,"travelersbackpack:iron":1,"minecraft:tuff_bricks":16,"minecraft:spawner":3,"minecraft:iron_ore":108,"minecraft:cobbled_deepslate":6,"minecraft:deepslate_lapis_ore":18,"minecraft:dark_oak_stairs":4,"minecraft:dirt_path":1,"minecraft:oak_stairs":4,"minecraft:pale_oak_log":289,"minecraft:deepslate_redstone_ore":11,"minecraft:torch":31,"minecraft:blast_furnace":1,"minecraft:polished_andesite_stairs":1,"minecraft:pale_oak_planks":18,"minecraft:cobblestone":66,"minecraft:iron_door":1,"minecraft:wall_torch":12,"minecraft:birch_sapling":1,"minecraft:seagrass":1,"minecraft:powered_rail":2,"minecraft:mud":1,"minecraft:birch_log":73,"minecraft:oak_log":10,"minecraft:sand":131,"minecraft:dirt":1910,"minecraft:oak_leaves":5,"minecraft:deepslate":350,"minecraft:tuff":44,"minecraft:deepslate_diamond_ore":6,"minecraft:dark_oak_log":235,"gravestone:gravestone":9,"minecraft:spruce_leaves":4,"minecraft:moss_block":1,"minecraft:hay_block":9,"minecraft:redstone_ore":6,"minecraft:furnace":4,"minecraft:snow":395,"minecraft:andesite":5,"minecraft:gold_block":8,"minecraft:pale_oak_stairs":38,"minecraft:cobblestone_slab":1,"minecraft:deepslate_iron_ore":88,"minecraft:vine":2,"minecraft:rail":112,"minecraft:stone":1755,"minecraft:podzol":1,"minecraft:birch_stairs":4,"minecraft:snow_block":4,"minecraft:crafting_table":9,"minecraft:short_grass":27,"minecraft:emerald_ore":19,"minecraft:andesite_slab":1,"minecraft:stone_slab":2,"minecraft:tall_grass":6,"minecraft:deepslate_gold_ore":24,"minecraft:birch_planks":170,"minecraft:coarse_dirt":1,"minecraft:sweet_berry_bush":2,"minecraft:spruce_log":7,"minecraft:coal_ore":187,"minecraft:sunflower":4,"minecraft:zombie_head":1,"minecraft:gravel":58,"minecraft:cobweb":19,"minecraft:cracked_stone_bricks":39,"minecraft:acacia_planks":1,"minecraft:stone_bricks":141,"minecraft:mossy_stone_bricks":123,"minecraft:gold_ore":1,"minecraft:fern":3},"minecraft:killed":{"minecraft:cave_spider":4,"minecraft:witch":2,"minecraft:spider":3,"minecraft:skeleton":13,"minecraft:chicken":4,"minecraft:wolf":1,"minecraft:pig":7,"minecraft:zombie_villager":1,"minecraft:creeper":6,"minecraft:sheep":5,"minecraft:pillager":1,"minecraft:zombie":33,"minecraft:cow":4,"minecraft:vindicator":2},"minecraft:custom":{"minecraft:interact_with_crafting_table":88,"minecraft:open_barrel":56,"minecraft:leave_game":9,"minecraft:time_since_death":92851,"minecraft:sprint_one_cm":688838,"minecraft:drop":152,"minecraft:talked_to_villager":4,"minecraft:play_time":540990,"minecraft:deaths":10,"minecraft:jump":5142,"minecraft:walk_on_water_one_cm":34482,"minecraft:interact_with_furnace":83,"minecraft:sleep_in_bed":12,"minecraft:damage_dealt":15138,"minecraft:player_kills":1,"minecraft:crouch_one_cm":81243,"minecraft:mob_kills":86,"minecraft:damage_dealt_resisted":10668,"minecraft:climb_one_cm":15633,"minecraft:walk_one_cm":1759593,"minecraft:damage_dealt_absorbed":5948,"minecraft:sneak_time":26494,"minecraft:walk_under_water_one_cm":11455,"minecraft:interact_with_blast_furnace":12,"minecraft:total_world_time":540990,"minecraft:time_since_rest":4256,"minecraft:damage_taken":10537,"minecraft:trigger_trapped_chest":1,"minecraft:swim_one_cm":26315,"minecraft:fly_one_cm":743948,"minecraft:open_chest":230,"minecraft:fall_one_cm":130967},"minecraft:dropped":{"minecraft:iron_sword":1,"minecraft:dark_oak_stairs":2,"minecraft:birch_planks":3,"minecraft:crafting_table":1,"minecraft:cobblestone_stairs":63,"minecraft:dirt":387,"minecraft:dark_oak_log":91,"minecraft:snowball":45,"gravestone:obituary":10,"minecraft:wooden_sword":1,"minecraft:bone":3,"minecraft:gravel":26,"minecraft:goat_horn":2,"minecraft:iron_nugget":16,"minecraft:detector_rail":4,"minecraft:andesite_slab":1,"minecraft:birch_sapling":3,"minecraft:wheat":1,"minecraft:rotten_flesh":8,"minecraft:white_bed":1,"minecraft:chainmail_chestplate":1,"minecraft:tipped_arrow":5,"minecraft:gunpowder":12,"minecraft:arrow":3,"minecraft:glass":92,"minecraft:golden_boots":1,"minecraft:wheat_seeds":13,"minecraft:pale_oak_log":84,"minecraft:feather":1,"minecraft:cobblestone":1,"minecraft:activator_rail":4,"minecraft:coal":1,"minecraft:stick":1,"minecraft:torch":1,"minecraft:oak_stairs":4,"minecraft:armadillo_scute":1,"minecraft:polished_andesite_stairs":2,"minecraft:chainmail_leggings":1,"minecraft:string":1,"minecraft:acacia_planks":1,"minecraft:dandelion":1,"minecraft:redstone":1,"minecraft:stone_sword":1,"minecraft:tuff":40,"minecraft:raw_iron":2,"minecraft:stone_shovel":2,"minecraft:stone_slab":4,"minecraft:pumpkin_seeds":2,"minecraft:spruce_planks":1,"minecraft:diamond_pickaxe":2,"minecraft:andesite":2,"minecraft:oak_sapling":3,"minecraft:spider_eye":5,"minecraft:brown_carpet":1,"minecraft:bow":1,"minecraft:stone_pickaxe":4,"minecraft:wooden_pickaxe":1},"minecraft:broken":{"minecraft:iron_shovel":1,"minecraft:stone_pickaxe":1,"minecraft:stone_axe":3,"minecraft:iron_sword":1,"minecraft:stone_shovel":24,"minecraft:iron_pickaxe":11}},"DataVersion":4189}