{"stats":{"minecraft:picked_up":{"minecraft:crafting_table":8,"minecraft:wheat":1,"minecraft:chicken":4,"minecraft:stone_slab":4,"minecraft:oak_stairs":8,"minecraft:gold_block":8,"gravestone:obituary":1,"minecraft:string":3,"minecraft:zombie_head":1,"minecraft:cracked_stone_bricks":5,"minecraft:tnt_minecart":2,"minecraft:detector_rail":4,"minecraft:cobbled_deepslate":44,"minecraft:spruce_planks":1,"minecraft:beef":6,"minecraft:andesite_stairs":1,"minecraft:cobblestone_slab":1,"minecraft:iron_nugget":11,"minecraft:birch_sapling":10,"minecraft:pale_oak_stairs":38,"minecraft:furnace":5,"minecraft:dark_oak_sapling":18,"minecraft:stick":43,"minecraft:raw_iron":152,"minecraft:torch":24,"minecraft:porkchop":11,"minecraft:pale_oak_sapling":13,"minecraft:stone_button":1,"minecraft:redstone":49,"minecraft:brown_carpet":1,"travelersbackpack:iron":1,"minecraft:arrow":8,"minecraft:rotten_flesh":19,"minecraft:hay_block":9,"minecraft:armadillo_scute":4,"minecraft:mutton":9,"minecraft:snowball":493,"minecraft:rail":87,"minecraft:white_wool":5,"minecraft:cobblestone":1713,"minecraft:birch_log":31,"minecraft:feather":1,"minecraft:iron_door":1,"minecraft:glow_ink_sac":1,"minecraft:andesite":7,"minecraft:leather":4,"minecraft:pale_oak_planks":5,"minecraft:flint":3,"minecraft:oak_log":14,"minecraft:chainmail_chestplate":1,"minecraft:golden_boots":1,"minecraft:gunpowder":8,"minecraft:lapis_lazuli":59,"minecraft:dirt":2786,"minecraft:lantern":3,"minecraft:bone":7,"minecraft:acacia_planks":1,"minecraft:apple":5,"minecraft:stone_bricks":28,"minecraft:wheat_seeds":12,"minecraft:raw_gold":13,"minecraft:iron_ingot":1,"minecraft:mossy_stone_bricks":33,"minecraft:pale_oak_log":156,"minecraft:powered_rail":2,"minecraft:soul_sand":5,"minecraft:dark_oak_stairs":5,"minecraft:polished_andesite_stairs":2,"minecraft:sweet_berries":20,"minecraft:dandelion":1,"minecraft:gravel":20,"minecraft:birch_stairs":4,"minecraft:sand":128,"minecraft:blast_furnace":1,"minecraft:ink_sac":2,"minecraft:white_bed":3,"minecraft:spruce_log":7,"minecraft:dark_oak_log":168,"minecraft:spider_eye":2,"minecraft:pumpkin_seeds":2,"minecraft:sugar":2,"minecraft:chainmail_leggings":2,"minecraft:emerald":21,"minecraft:oak_sapling":21,"minecraft:coal":256,"minecraft:andesite_slab":1,"minecraft:sunflower":3},"minecraft:dropped":{"minecraft:golden_boots":1,"minecraft:iron_sword":1,"minecraft:birch_planks":3,"minecraft:dark_oak_stairs":2,"minecraft:wheat_seeds":13,"minecraft:pale_oak_log":84,"minecraft:crafting_table":1,"minecraft:feather":1,"minecraft:cobblestone":1,"minecraft:coal":1,"minecraft:stick":1,"minecraft:cobblestone_stairs":63,"minecraft:dirt":387,"minecraft:dark_oak_log":91,"minecraft:torch":1,"minecraft:snowball":45,"gravestone:obituary":9,"minecraft:oak_stairs":4,"minecraft:wooden_sword":1,"minecraft:armadillo_scute":1,"minecraft:polished_andesite_stairs":2,"minecraft:chainmail_leggings":1,"minecraft:string":1,"minecraft:acacia_planks":1,"minecraft:redstone":1,"minecraft:bone":3,"minecraft:dandelion":1,"minecraft:gravel":18,"minecraft:iron_nugget":16,"minecraft:detector_rail":4,"minecraft:stone_sword":1,"minecraft:andesite_slab":1,"minecraft:wheat":1,"minecraft:birch_sapling":3,"minecraft:raw_iron":2,"minecraft:stone_shovel":2,"minecraft:rotten_flesh":7,"minecraft:stone_slab":4,"minecraft:white_bed":1,"minecraft:pumpkin_seeds":2,"minecraft:chainmail_chestplate":1,"minecraft:tipped_arrow":5,"minecraft:gunpowder":6,"minecraft:spruce_planks":1,"minecraft:andesite":2,"minecraft:oak_sapling":3,"minecraft:spider_eye":2,"minecraft:brown_carpet":1,"minecraft:arrow":1,"minecraft:bow":1,"minecraft:glass":92,"minecraft:stone_pickaxe":4,"minecraft:wooden_pickaxe":1},"minecraft:used":{"minecraft:iron_shovel":63,"minecraft:stone_sword":107,"minecraft:stone_shovel":3225,"minecraft:pale_oak_stairs":152,"minecraft:chest":1,"minecraft:shield":19,"minecraft:iron_sword":245,"minecraft:torch":142,"minecraft:dirt":1042,"travelersbackpack:iron":12,"minecraft:snowball":51,"minecraft:glass":18,"minecraft:pale_oak_sapling":12,"minecraft:pale_oak_planks":6,"minecraft:oak_stairs":4,"minecraft:birch_sapling":6,"minecraft:iron_helmet":1,"minecraft:barrel":1,"minecraft:bow":25,"minecraft:sweet_berries":2,"minecraft:oak_sapling":5,"minecraft:furnace":4,"minecraft:cooked_beef":13,"minecraft:cobbled_deepslate":11,"minecraft:dark_oak_sapling":16,"minecraft:iron_leggings":1,"minecraft:cooked_mutton":3,"minecraft:dark_oak_stairs":63,"minecraft:water_bucket":5,"minecraft:cobblestone_stairs":116,"minecraft:snow_block":5,"minecraft:stone_pickaxe":147,"minecraft:wooden_pickaxe":7,"minecraft:cobblestone_slab":1,"minecraft:cracked_stone_bricks":1,"minecraft:crafting_table":13,"minecraft:white_bed":2,"minecraft:apple":1,"minecraft:string":1,"minecraft:iron_pickaxe":2074,"minecraft:bread":70,"minecraft:stone_button":1,"minecraft:detector_rail":2,"minecraft:iron_door":1,"minecraft:stone_axe":421,"minecraft:cobblestone":42,"minecraft:wooden_sword":10,"minecraft:cooked_porkchop":11,"minecraft:andesite":4,"minecraft:andesite_stairs":1,"minecraft:bucket":7,"minecraft:birch_stairs":4,"minecraft:experience_bottle":2},"minecraft:mined":{"minecraft:white_bed":2,"minecraft:dark_oak_log":152,"gravestone:gravestone":8,"minecraft:grass_block":1203,"minecraft:spruce_leaves":4,"minecraft:spawner":3,"minecraft:hay_block":9,"minecraft:redstone_ore":6,"minecraft:furnace":4,"minecraft:iron_ore":108,"minecraft:cobbled_deepslate":3,"minecraft:snow":382,"minecraft:andesite":5,"minecraft:deepslate_lapis_ore":9,"minecraft:gold_block":8,"minecraft:dark_oak_stairs":4,"minecraft:pale_oak_stairs":38,"minecraft:vine":2,"minecraft:deepslate_iron_ore":37,"minecraft:dirt_path":1,"minecraft:cobblestone_slab":1,"minecraft:rail":86,"minecraft:oak_stairs":4,"minecraft:pale_oak_log":156,"minecraft:stone":1566,"minecraft:podzol":1,"minecraft:deepslate_redstone_ore":1,"minecraft:birch_stairs":4,"minecraft:snow_block":4,"minecraft:crafting_table":9,"minecraft:torch":15,"minecraft:short_grass":27,"minecraft:blast_furnace":1,"minecraft:emerald_ore":19,"minecraft:polished_andesite_stairs":1,"minecraft:andesite_slab":1,"minecraft:pale_oak_planks":6,"minecraft:stone_slab":2,"minecraft:tall_grass":6,"minecraft:cobblestone":60,"minecraft:deepslate_gold_ore":13,"minecraft:iron_door":1,"minecraft:wall_torch":4,"minecraft:birch_sapling":1,"minecraft:seagrass":1,"minecraft:powered_rail":2,"minecraft:coarse_dirt":1,"minecraft:mud":1,"minecraft:birch_log":31,"minecraft:sweet_berry_bush":2,"minecraft:spruce_log":7,"minecraft:oak_log":10,"minecraft:coal_ore":163,"minecraft:zombie_head":1,"minecraft:gravel":32,"minecraft:dirt":1593,"minecraft:sand":131,"minecraft:sunflower":4,"minecraft:cobweb":1,"minecraft:cracked_stone_bricks":5,"minecraft:acacia_planks":1,"minecraft:stone_bricks":29,"minecraft:mossy_stone_bricks":33,"minecraft:deepslate":43,"minecraft:oak_leaves":5,"minecraft:fern":3},"minecraft:killed_by":{"minecraft:vindicator":2,"minecraft:zombie":4},"minecraft:crafted":{"minecraft:wooden_sword":1,"minecraft:oak_planks":40,"minecraft:stone_shovel":28,"minecraft:pale_oak_stairs":132,"minecraft:barrel":1,"minecraft:cooked_chicken":6,"minecraft:birch_slab":6,"minecraft:furnace":2,"minecraft:cobblestone_stairs":128,"minecraft:cooked_mutton":9,"minecraft:pale_oak_planks":288,"minecraft:glass":110,"minecraft:stone_pickaxe":5,"minecraft:chest":1,"minecraft:dark_oak_planks":256,"minecraft:wheat":81,"minecraft:cooked_beef":16,"minecraft:cooked_porkchop":12,"minecraft:dark_oak_stairs":64,"minecraft:crafting_table":7,"minecraft:spruce_planks":28,"minecraft:iron_helmet":1,"minecraft:wooden_pickaxe":1,"minecraft:iron_sword":2,"minecraft:gold_block":1,"minecraft:birch_planks":124,"minecraft:stone_axe":4,"minecraft:bread":27,"minecraft:air":0,"minecraft:gold_nugget":9,"minecraft:shield":1,"minecraft:stick":84,"minecraft:iron_ingot":93,"minecraft:iron_pickaxe":9,"minecraft:oak_stairs":4,"minecraft:stone_sword":1,"minecraft:snow_block":97,"minecraft:iron_leggings":1,"minecraft:gold_ingot":7,"minecraft:white_bed":1,"minecraft:torch":108,"minecraft:birch_stairs":4},"minecraft:custom":{"minecraft:mob_kills":62,"minecraft:interact_with_crafting_table":83,"minecraft:open_barrel":49,"minecraft:damage_dealt_resisted":6649,"minecraft:leave_game":7,"minecraft:time_since_death":78638,"minecraft:climb_one_cm":2485,"minecraft:sprint_one_cm":454635,"minecraft:walk_one_cm":1250276,"minecraft:drop":137,"minecraft:damage_dealt_absorbed":3653,"minecraft:talked_to_villager":4,"minecraft:play_time":387466,"minecraft:sneak_time":18575,"minecraft:deaths":8,"minecraft:walk_under_water_one_cm":11455,"minecraft:jump":3987,"minecraft:interact_with_blast_furnace":1,"minecraft:walk_on_water_one_cm":32099,"minecraft:total_world_time":387466,"minecraft:interact_with_furnace":70,"minecraft:sleep_in_bed":11,"minecraft:time_since_rest":17474,"minecraft:damage_taken":7298,"minecraft:trigger_trapped_chest":1,"minecraft:damage_dealt":10026,"minecraft:player_kills":1,"minecraft:swim_one_cm":26315,"minecraft:fly_one_cm":617183,"minecraft:open_chest":139,"minecraft:crouch_one_cm":58665,"minecraft:fall_one_cm":99017},"minecraft:broken":{"minecraft:stone_pickaxe":1,"minecraft:stone_axe":3,"minecraft:iron_pickaxe":8,"minecraft:stone_shovel":24},"minecraft:killed":{"minecraft:witch":2,"minecraft:vindicator":2,"minecraft:spider":2,"minecraft:skeleton":9,"minecraft:chicken":4,"minecraft:wolf":1,"minecraft:pig":7,"minecraft:zombie_villager":1,"minecraft:creeper":4,"minecraft:sheep":5,"minecraft:pillager":1,"minecraft:zombie":20,"minecraft:cow":4}},"DataVersion":4189}