{"stats":{"minecraft:crafted":{"minecraft:stone_sword":1,"minecraft:stone_shovel":1,"minecraft:cooked_chicken":3,"minecraft:birch_planks":20,"minecraft:gold_ingot":77,"minecraft:stone_pickaxe":2,"minecraft:cooked_mutton":25,"minecraft:stick":36,"minecraft:wooden_pickaxe":1,"minecraft:cooked_beef":34,"minecraft:cooked_porkchop":19,"minecraft:chest":2,"minecraft:air":0,"minecraft:bucket":1,"minecraft:bone_meal":57,"minecraft:furnace":3,"minecraft:pale_oak_planks":228,"minecraft:dark_oak_planks":288,"minecraft:iron_ingot":28,"minecraft:mushroom_stew":12,"minecraft:crafting_table":4,"minecraft:torch":48,"minecraft:white_bed":1,"minecraft:baked_potato":33,"minecraft:shield":3,"minecraft:bowl":4,"minecraft:stone_axe":2,"minecraft:oak_planks":20,"minecraft:spruce_planks":24,"minecraft:iron_pickaxe":2,"minecraft:iron_sword":1},"minecraft:killed":{"minecraft:zombie":24,"minecraft:pillager":2,"minecraft:skeleton":13,"minecraft:cave_spider":7,"minecraft:creeper":1,"minecraft:chicken":5,"minecraft:enderman":1,"minecraft:sheep":13,"minecraft:pig":8,"minecraft:cow":20,"minecraft:spider":5},"minecraft:mined":{"minecraft:torch":28,"minecraft:pale_oak_sapling":3,"minecraft:redstone_ore":7,"minecraft:spruce_log":6,"minecraft:smooth_basalt":7,"minecraft:pumpkin":2,"minecraft:small_amethyst_bud":4,"minecraft:gravel":2,"minecraft:amethyst_block":42,"minecraft:short_grass":36,"minecraft:spruce_planks":15,"minecraft:crafting_table":5,"minecraft:birch_log":5,"minecraft:pale_hanging_moss":1,"minecraft:deepslate_redstone_ore":23,"minecraft:leaf_litter":5,"minecraft:dark_oak_planks":3,"minecraft:pale_moss_carpet":6,"minecraft:gold_ore":1,"minecraft:birch_leaves":10,"minecraft:andesite":1,"minecraft:deepslate_gold_ore":69,"minecraft:mushroom_stem":12,"minecraft:budding_amethyst":2,"minecraft:wall_torch":25,"minecraft:dark_oak_leaves":33,"minecraft:fire":14,"minecraft:deepslate_lapis_ore":1,"minecraft:deepslate_diamond_ore":17,"minecraft:deepslate_iron_ore":37,"minecraft:potatoes":22,"minecraft:amethyst_cluster":3,"minecraft:iron_ore":40,"minecraft:stone":82,"minecraft:pale_moss_block":16,"minecraft:dark_oak_log":48,"minecraft:stripped_pale_oak_log":1,"minecraft:coal_ore":97,"minecraft:diorite":1,"minecraft:cobblestone":6,"minecraft:sugar_cane":6,"minecraft:white_bed":2,"minecraft:red_mushroom_block":45,"minecraft:oak_leaves":8,"minecraft:furnace":1,"minecraft:brown_mushroom_block":45,"minecraft:glow_lichen":1,"minecraft:tall_grass":5,"minecraft:wildflowers":2,"minecraft:large_amethyst_bud":1,"minecraft:dirt":22,"minecraft:grass_block":90,"minecraft:cobweb":69,"minecraft:stone_brick_slab":1,"minecraft:spruce_leaves":11,"minecraft:cobbled_deepslate":21,"minecraft:pale_oak_log":40,"minecraft:pale_oak_leaves":51,"minecraft:deepslate":63,"minecraft:calcite":55,"minecraft:pale_oak_planks":4},"minecraft:killed_by":{"minecraft:skeleton":2,"minecraft:creeper":1,"minecraft:zombie":3,"minecraft:cave_spider":1},"minecraft:custom":{"minecraft:time_since_rest":2362,"minecraft:talked_to_villager":2,"minecraft:leave_game":4,"minecraft:damage_taken":6114,"minecraft:mob_kills":102,"minecraft:time_since_death":2325,"minecraft:interact_with_furnace":93,"minecraft:sleep_in_bed":9,"minecraft:swim_one_cm":3244,"minecraft:total_world_time":203259,"minecraft:crouch_one_cm":18005,"minecraft:deaths":7,"minecraft:climb_one_cm":562,"minecraft:damage_blocked_by_shield":3776,"minecraft:interact_with_crafting_table":39,"minecraft:walk_one_cm":594346,"minecraft:walk_under_water_one_cm":7367,"minecraft:damage_dealt":13440,"minecraft:play_time":203259,"minecraft:jump":3035,"minecraft:drop":39,"minecraft:sprint_one_cm":340063,"minecraft:open_chest":90,"minecraft:fall_one_cm":130548,"minecraft:fly_one_cm":922929,"minecraft:walk_on_water_one_cm":13544,"minecraft:sneak_time":9258,"minecraft:interact_with_blast_furnace":7},"minecraft:broken":{"minecraft:shield":1,"minecraft:stone_axe":1,"minecraft:iron_pickaxe":1,"minecraft:stone_pickaxe":1,"minecraft:iron_sword":1},"minecraft:dropped":{"minecraft:rotten_flesh":12,"minecraft:birch_sapling":1,"minecraft:stone_sword":1,"minecraft:pale_oak_sapling":4,"minecraft:stone_brick_slab":1,"minecraft:pale_oak_log":15,"minecraft:wooden_pickaxe":1,"minecraft:dirt":10,"minecraft:stick":1,"minecraft:pale_oak_planks":227,"minecraft:arrow":3,"minecraft:crafting_table":2,"minecraft:wheat_seeds":7,"minecraft:iron_nugget":1,"minecraft:spider_eye":6,"minecraft:smooth_basalt":3,"minecraft:feather":5,"minecraft:stone_pickaxe":2,"minecraft:shield":1,"minecraft:diorite":1},"minecraft:picked_up":{"minecraft:pale_oak_log":41,"minecraft:cobblestone":99,"minecraft:white_bed":2,"minecraft:sugar_cane":8,"minecraft:leather":16,"minecraft:bone":19,"minecraft:redstone":132,"minecraft:brown_mushroom":17,"minecraft:water_bucket":3,"minecraft:stone_pickaxe":3,"minecraft:cooked_mutton":45,"minecraft:glow_berries":6,"minecraft:baked_potato":93,"minecraft:diamond":31,"minecraft:iron_sword":4,"minecraft:white_banner":1,"minecraft:melon_seeds":11,"minecraft:dark_oak_sapling":6,"minecraft:stone_brick_slab":1,"minecraft:pale_oak_sapling":7,"minecraft:golden_apple":2,"minecraft:glow_ink_sac":6,"minecraft:porkchop":19,"minecraft:stick":29,"minecraft:wildflowers":8,"minecraft:chicken":4,"minecraft:golden_chestplate":2,"minecraft:cooked_porkchop":38,"minecraft:smooth_basalt":10,"minecraft:stone_shovel":5,"minecraft:arrow":10,"minecraft:iron_ingot":28,"minecraft:bowl":3,"minecraft:dark_oak_planks":3,"minecraft:raw_iron":125,"minecraft:cobbled_deepslate":123,"minecraft:raw_gold":84,"minecraft:stone_sword":4,"minecraft:pumpkin_seeds":8,"minecraft:stone_axe":1,"minecraft:amethyst_block":42,"minecraft:mutton":26,"minecraft:iron_chestplate":1,"minecraft:spruce_planks":42,"minecraft:pale_moss_carpet":6,"minecraft:dirt":150,"minecraft:rail":6,"minecraft:gravel":2,"minecraft:torch":171,"minecraft:diamond_pickaxe":1,"minecraft:bread":24,"minecraft:spruce_log":6,"minecraft:iron_boots":1,"minecraft:leaf_litter":37,"minecraft:coal":101,"minecraft:oak_log":5,"minecraft:pale_oak_planks":3,"minecraft:potato":83,"minecraft:oak_fence":1,"minecraft:birch_planks":24,"minecraft:birch_log":5,"minecraft:furnace":1,"minecraft:wheat_seeds":4,"minecraft:shield":6,"minecraft:lapis_lazuli":18,"minecraft:iron_pickaxe":4,"minecraft:pumpkin":2,"minecraft:spider_eye":11,"minecraft:stripped_pale_oak_log":1,"minecraft:dark_oak_log":92,"minecraft:iron_leggings":1,"minecraft:diamond_sword":1,"minecraft:ominous_bottle":1,"minecraft:diorite":1,"minecraft:birch_sapling":1,"minecraft:cooked_beef":63,"minecraft:pale_moss_block":16,"minecraft:feather":5,"minecraft:white_wool":13,"minecraft:oak_planks":6,"minecraft:golden_helmet":3,"minecraft:crafting_table":9,"minecraft:red_mushroom":13,"minecraft:oak_sapling":1,"minecraft:rotten_flesh":58,"minecraft:beef":48,"minecraft:apple":32,"minecraft:string":106,"minecraft:calcite":55,"minecraft:mushroom_stew":3,"minecraft:amethyst_shard":12,"minecraft:iron_helmet":1},"minecraft:used":{"minecraft:stone_axe":158,"minecraft:oak_fence":1,"minecraft:string":1,"minecraft:baked_potato":2,"minecraft:cobbled_deepslate":36,"minecraft:apple":3,"minecraft:shield":107,"minecraft:iron_pickaxe":409,"minecraft:dark_oak_log":2,"minecraft:potato":34,"minecraft:pale_oak_sapling":4,"minecraft:iron_sword":243,"minecraft:stone_shovel":72,"minecraft:water_bucket":3,"minecraft:bone_meal":57,"minecraft:mushroom_stew":11,"minecraft:cooked_mutton":10,"minecraft:dark_oak_planks":3,"minecraft:pale_oak_log":2,"minecraft:melon_seeds":5,"minecraft:furnace":3,"minecraft:cooked_porkchop":11,"minecraft:bread":11,"minecraft:torch":113,"minecraft:dirt":46,"minecraft:pale_moss_block":8,"minecraft:stone_sword":123,"minecraft:dark_oak_sapling":4,"minecraft:spruce_planks":15,"minecraft:wooden_pickaxe":5,"minecraft:gravel":2,"minecraft:pale_oak_planks":4,"minecraft:cooked_chicken":3,"minecraft:cobblestone":51,"minecraft:cooked_beef":13,"minecraft:golden_hoe":10,"minecraft:bucket":4,"minecraft:crafting_table":6,"minecraft:chest":2,"minecraft:pale_moss_carpet":3,"minecraft:oak_sapling":1,"minecraft:white_bed":3,"minecraft:stone_pickaxe":200}},"DataVersion":4440}