{"stats":{"minecraft:killed":{"minecraft:pig":7,"minecraft:spider":1,"minecraft:sheep":5,"minecraft:skeleton":3,"minecraft:pillager":1,"minecraft:zombie":2,"minecraft:chicken":3,"minecraft:cow":4},"minecraft:dropped":{"minecraft:birch_planks":3,"minecraft:wheat_seeds":6,"minecraft:birch_sapling":3,"minecraft:stone_shovel":1,"minecraft:feather":1,"minecraft:rotten_flesh":1,"minecraft:oak_sapling":3,"minecraft:snowball":18,"minecraft:wooden_sword":1,"minecraft:armadillo_scute":1,"minecraft:wooden_pickaxe":1},"minecraft:mined":{"minecraft:podzol":1,"minecraft:snow_block":4,"minecraft:crafting_table":3,"minecraft:torch":1,"minecraft:short_grass":12,"minecraft:grass_block":241,"minecraft:tall_grass":3,"minecraft:spruce_leaves":4,"minecraft:hay_block":9,"minecraft:coarse_dirt":1,"minecraft:furnace":1,"minecraft:snow":199,"minecraft:iron_ore":9,"minecraft:birch_log":11,"minecraft:sweet_berry_bush":2,"minecraft:spruce_log":7,"minecraft:coal_ore":29,"minecraft:dirt":175,"minecraft:stone":49,"minecraft:oak_leaves":3,"minecraft:fern":3},"minecraft:custom":{"minecraft:interact_with_furnace":15,"minecraft:mob_kills":26,"minecraft:interact_with_crafting_table":21,"minecraft:open_barrel":5,"minecraft:damage_dealt_resisted":1013,"minecraft:leave_game":3,"minecraft:time_since_death":58295,"minecraft:sleep_in_bed":1,"minecraft:climb_one_cm":238,"minecraft:time_since_rest":25117,"minecraft:sprint_one_cm":82886,"minecraft:damage_taken":1450,"minecraft:walk_one_cm":247843,"minecraft:drop":18,"minecraft:damage_dealt":2990,"minecraft:talked_to_villager":1,"minecraft:damage_dealt_absorbed":600,"minecraft:swim_one_cm":1091,"minecraft:fly_one_cm":106293,"minecraft:open_chest":9,"minecraft:crouch_one_cm":9827,"minecraft:play_time":58295,"minecraft:sneak_time":2957,"minecraft:walk_under_water_one_cm":416,"minecraft:jump":857,"minecraft:walk_on_water_one_cm":2747,"minecraft:total_world_time":58295,"minecraft:fall_one_cm":17865},"minecraft:crafted":{"minecraft:cooked_beef":16,"minecraft:wooden_sword":1,"minecraft:stone_shovel":7,"minecraft:cooked_porkchop":5,"minecraft:crafting_table":5,"minecraft:spruce_planks":28,"minecraft:wooden_pickaxe":1,"minecraft:furnace":1,"minecraft:birch_planks":44,"minecraft:stone_axe":1,"minecraft:cooked_mutton":9,"minecraft:air":0,"minecraft:stick":16,"minecraft:stone_pickaxe":1,"minecraft:stone_sword":1,"minecraft:snow_block":43,"minecraft:chest":1,"minecraft:white_bed":1},"minecraft:used":{"minecraft:stone_sword":107,"minecraft:snow_block":5,"minecraft:stone_shovel":589,"minecraft:stone_pickaxe":88,"minecraft:chest":1,"minecraft:wooden_pickaxe":7,"minecraft:torch":1,"minecraft:dirt":80,"minecraft:crafting_table":8,"minecraft:white_bed":1,"minecraft:snowball":15,"minecraft:apple":1,"minecraft:bread":10,"minecraft:stone_button":1,"minecraft:birch_sapling":2,"minecraft:stone_axe":14,"minecraft:wooden_sword":10,"minecraft:cobblestone":1,"minecraft:sweet_berries":2,"minecraft:furnace":1,"minecraft:cooked_porkchop":5,"minecraft:cooked_beef":7},"minecraft:broken":{"minecraft:stone_shovel":4},"minecraft:picked_up":{"minecraft:birch_log":11,"minecraft:crafting_table":3,"minecraft:feather":1,"minecraft:chicken":3,"minecraft:leather":4,"minecraft:string":1,"minecraft:dirt":434,"minecraft:wheat_seeds":6,"minecraft:beef":6,"minecraft:birch_sapling":5,"minecraft:soul_sand":5,"minecraft:furnace":1,"minecraft:raw_iron":9,"minecraft:stick":7,"minecraft:sweet_berries":20,"minecraft:torch":1,"minecraft:porkchop":11,"minecraft:stone_button":1,"minecraft:ink_sac":2,"minecraft:spruce_log":7,"minecraft:rotten_flesh":1,"minecraft:arrow":3,"minecraft:hay_block":9,"minecraft:armadillo_scute":1,"minecraft:snowball":289,"minecraft:mutton":9,"minecraft:coal":30,"minecraft:white_wool":5,"minecraft:cobblestone":69}},"DataVersion":4189}