{"stats":{"minecraft:killed":{"minecraft:cave_spider":4,"minecraft:witch":2,"minecraft:spider":4,"minecraft:skeleton":15,"minecraft:chicken":4,"minecraft:silverfish":1,"minecraft:wolf":1,"minecraft:magma_cube":5,"minecraft:pig":7,"minecraft:zombie_villager":1,"minecraft:creeper":7,"minecraft:sheep":5,"minecraft:pillager":1,"minecraft:zombie":39,"minecraft:cow":4,"minecraft:blaze":1,"minecraft:vindicator":2,"minecraft:wither_skeleton":1},"minecraft:broken":{"minecraft:golden_helmet":1,"minecraft:iron_shovel":1,"minecraft:iron_boots":1,"minecraft:iron_leggings":1,"minecraft:stone_pickaxe":1,"minecraft:stone_axe":3,"minecraft:iron_sword":2,"minecraft:stone_shovel":24,"minecraft:shield":1,"minecraft:iron_pickaxe":18,"minecraft:iron_helmet":1},"minecraft:custom":{"minecraft:interact_with_crafting_table":117,"minecraft:open_barrel":60,"minecraft:leave_game":12,"minecraft:time_since_death":9628,"minecraft:sprint_one_cm":992445,"minecraft:drop":196,"minecraft:talked_to_villager":4,"minecraft:play_time":770651,"minecraft:deaths":20,"minecraft:jump":7737,"minecraft:walk_on_water_one_cm":37217,"minecraft:interact_with_furnace":92,"minecraft:sleep_in_bed":14,"minecraft:damage_dealt":18461,"minecraft:player_kills":1,"minecraft:crouch_one_cm":112941,"minecraft:mob_kills":109,"minecraft:damage_dealt_resisted":13529,"minecraft:climb_one_cm":15729,"minecraft:walk_one_cm":2380779,"minecraft:damage_dealt_absorbed":8116,"minecraft:sneak_time":34543,"minecraft:walk_under_water_one_cm":15645,"minecraft:interact_with_blast_furnace":16,"minecraft:total_world_time":770651,"minecraft:interact_with_stonecutter":12,"minecraft:time_since_rest":9673,"minecraft:damage_taken":16617,"minecraft:trigger_trapped_chest":1,"minecraft:swim_one_cm":26315,"minecraft:fly_one_cm":1134708,"minecraft:open_chest":262,"minecraft:fall_one_cm":191861},"minecraft:crafted":{"minecraft:oak_planks":40,"minecraft:pale_oak_stairs":132,"minecraft:barrel":1,"minecraft:dark_oak_pressure_plate":1,"minecraft:cooked_chicken":6,"minecraft:birch_slab":6,"minecraft:stone":3,"minecraft:cobblestone_stairs":128,"minecraft:cooked_mutton":9,"minecraft:pale_oak_planks":820,"minecraft:glass":144,"minecraft:chest":1,"minecraft:cooked_porkchop":12,"minecraft:crafting_table":9,"minecraft:spruce_planks":28,"minecraft:wooden_pickaxe":1,"minecraft:iron_helmet":1,"minecraft:gold_block":1,"minecraft:birch_planks":292,"minecraft:diamond_pickaxe":2,"minecraft:shield":1,"minecraft:stick":200,"minecraft:iron_ingot":224,"minecraft:iron_pickaxe":18,"minecraft:stone_sword":1,"minecraft:snow_block":97,"minecraft:gold_ingot":45,"minecraft:dark_oak_fence_gate":2,"minecraft:birch_stairs":4,"minecraft:deepslate_tile_slab":2,"minecraft:golden_carrot":2,"minecraft:wooden_sword":1,"minecraft:stone_shovel":28,"minecraft:furnace":2,"minecraft:bone_meal":33,"minecraft:flint_and_steel":1,"minecraft:dark_oak_fence":51,"minecraft:pale_oak_pressure_plate":3,"minecraft:stone_pickaxe":5,"minecraft:dark_oak_planks":668,"minecraft:wheat":81,"minecraft:cooked_beef":16,"minecraft:dark_oak_stairs":64,"minecraft:iron_sword":2,"minecraft:stone_axe":4,"minecraft:deepslate_tiles":1,"minecraft:glowstone":74,"minecraft:bread":27,"minecraft:air":0,"minecraft:gold_nugget":27,"minecraft:oak_stairs":4,"minecraft:iron_leggings":1,"minecraft:deepslate_tile_stairs":3,"minecraft:stonecutter":1,"minecraft:white_bed":1,"minecraft:torch":288},"minecraft:picked_up":{"minecraft:wheat":1,"minecraft:creeper_head":2,"minecraft:stone_slab":4,"minecraft:oak_stairs":8,"minecraft:string":25,"minecraft:raw_copper":7,"minecraft:zombie_head":1,"minecraft:red_sand":1,"minecraft:deepslate_tiles":70,"minecraft:tnt_minecart":2,"minecraft:gold_nugget":12,"minecraft:cobbled_deepslate":610,"minecraft:spruce_planks":1,"minecraft:cobblestone_slab":1,"minecraft:smooth_quartz":65,"minecraft:iron_pickaxe":2,"minecraft:furnace":6,"minecraft:pale_oak_stairs":39,"minecraft:golden_helmet":1,"minecraft:stick":94,"minecraft:torch":83,"minecraft:porkchop":11,"minecraft:pale_oak_sapling":39,"minecraft:goat_horn":3,"minecraft:brown_carpet":1,"travelersbackpack:iron":2,"minecraft:rotten_flesh":33,"minecraft:armadillo_scute":4,"minecraft:obsidian":31,"minecraft:snowball":506,"minecraft:cobblestone":4131,"minecraft:birch_log":73,"minecraft:feather":1,"minecraft:iron_door":1,"minecraft:andesite":7,"minecraft:pale_oak_planks":32,"minecraft:flint":44,"minecraft:tuff":42,"minecraft:purple_stained_glass":47,"minecraft:lapis_lazuli":191,"minecraft:dirt":3266,"minecraft:lantern":3,"minecraft:bone":18,"minecraft:acacia_planks":1,"minecraft:wheat_seeds":12,"minecraft:raw_gold":25,"minecraft:mossy_stone_bricks":123,"minecraft:pale_oak_log":289,"minecraft:glowstone_dust":338,"minecraft:powered_rail":2,"minecraft:sand":128,"minecraft:ink_sac":2,"minecraft:grass_block":1,"minecraft:dark_oak_log":354,"minecraft:sugar":2,"minecraft:diamond":20,"minecraft:granite":24,"minecraft:bread":22,"minecraft:emerald":21,"minecraft:oak_sapling":21,"minecraft:andesite_slab":1,"minecraft:diamond_pickaxe":1,"minecraft:crafting_table":9,"minecraft:chicken":4,"minecraft:brown_mushroom":1,"minecraft:gold_block":8,"gravestone:obituary":7,"minecraft:cracked_stone_bricks":39,"minecraft:detector_rail":4,"minecraft:beef":6,"minecraft:andesite_stairs":1,"minecraft:iron_nugget":11,"minecraft:birch_sapling":31,"minecraft:dark_oak_sapling":43,"minecraft:raw_iron":244,"minecraft:stone_button":1,"minecraft:carrot":1,"minecraft:redstone":94,"minecraft:dark_oak_planks":71,"minecraft:arrow":12,"minecraft:hay_block":9,"minecraft:tuff_bricks":16,"minecraft:mutton":9,"minecraft:white_wool":5,"minecraft:rail":116,"minecraft:golden_carrot":1,"minecraft:glow_ink_sac":1,"minecraft:leather":4,"minecraft:birch_planks":170,"minecraft:pale_oak_fence":48,"minecraft:oak_log":14,"minecraft:chainmail_chestplate":1,"minecraft:golden_boots":1,"minecraft:gunpowder":14,"minecraft:deepslate_tile_slab":2,"minecraft:apple":17,"minecraft:stone_bricks":141,"minecraft:iron_ingot":1,"minecraft:soul_sand":5,"minecraft:dark_oak_stairs":5,"minecraft:polished_andesite_stairs":2,"minecraft:sweet_berries":20,"minecraft:dandelion":1,"minecraft:gravel":52,"minecraft:lava_bucket":7,"minecraft:birch_stairs":4,"minecraft:blast_furnace":1,"minecraft:white_bed":3,"minecraft:spruce_log":7,"minecraft:spider_eye":5,"minecraft:pumpkin_seeds":2,"minecraft:chainmail_leggings":2,"minecraft:coal":312,"minecraft:sunflower":3},"minecraft:dropped":{"minecraft:iron_sword":1,"minecraft:birch_planks":3,"minecraft:brown_mushroom":1,"minecraft:dark_oak_stairs":2,"minecraft:crafting_table":1,"minecraft:cobblestone_stairs":63,"minecraft:dirt":387,"minecraft:dark_oak_log":91,"minecraft:snowball":45,"gravestone:obituary":25,"minecraft:gold_nugget":1,"minecraft:wooden_sword":1,"minecraft:iron_pickaxe":3,"minecraft:pale_oak_planks":256,"minecraft:bone":3,"minecraft:gravel":26,"minecraft:goat_horn":2,"minecraft:iron_nugget":16,"minecraft:detector_rail":4,"minecraft:cobbled_deepslate":64,"minecraft:andesite_slab":1,"minecraft:birch_sapling":3,"minecraft:wheat":1,"minecraft:rotten_flesh":11,"minecraft:white_bed":1,"minecraft:carrot":1,"minecraft:chainmail_chestplate":1,"minecraft:tipped_arrow":5,"minecraft:deepslate_tiles":38,"minecraft:gunpowder":12,"minecraft:arrow":3,"minecraft:glass":92,"minecraft:golden_boots":1,"minecraft:wheat_seeds":13,"minecraft:pale_oak_log":84,"minecraft:feather":1,"minecraft:cobblestone":151,"minecraft:apple":5,"minecraft:activator_rail":4,"minecraft:coal":2,"minecraft:stick":1,"minecraft:lava_bucket":1,"minecraft:golden_carrot":1,"minecraft:torch":2,"minecraft:oak_stairs":4,"minecraft:armadillo_scute":1,"minecraft:polished_andesite_stairs":2,"minecraft:chainmail_leggings":1,"minecraft:string":1,"minecraft:acacia_planks":1,"minecraft:dandelion":1,"minecraft:redstone":1,"minecraft:stone_sword":1,"minecraft:raw_copper":7,"minecraft:tuff":42,"minecraft:raw_iron":9,"minecraft:stone_shovel":2,"minecraft:stone_slab":4,"minecraft:pumpkin_seeds":2,"minecraft:spruce_planks":1,"minecraft:diamond_pickaxe":2,"minecraft:andesite":2,"minecraft:oak_sapling":3,"minecraft:spider_eye":5,"minecraft:brown_carpet":1,"minecraft:bow":1,"minecraft:stone_pickaxe":4,"minecraft:wooden_pickaxe":1},"minecraft:used":{"minecraft:tuff_bricks":9,"minecraft:red_sand":1,"minecraft:iron_shovel":667,"minecraft:pale_oak_stairs":153,"minecraft:chest":1,"minecraft:shield":49,"minecraft:iron_sword":503,"minecraft:deepslate_tile_slab":2,"travelersbackpack:iron":38,"minecraft:snowball":64,"minecraft:obsidian":15,"minecraft:glass":18,"minecraft:lava_bucket":14,"minecraft:pale_oak_planks":100,"minecraft:birch_sapling":17,"minecraft:iron_helmet":1,"minecraft:stone_bricks":72,"minecraft:bow":27,"minecraft:sweet_berries":2,"minecraft:oak_sapling":5,"minecraft:furnace":7,"minecraft:dark_oak_sapling":38,"minecraft:dark_oak_stairs":63,"minecraft:mossy_stone_bricks":26,"minecraft:stone_pickaxe":147,"minecraft:wooden_pickaxe":7,"minecraft:diamond_axe":790,"minecraft:blast_furnace":1,"minecraft:deepslate_tiles":456,"minecraft:bread":173,"minecraft:stone_button":1,"minecraft:string":1,"minecraft:iron_door":1,"minecraft:wooden_sword":10,"minecraft:dark_oak_fence":50,"minecraft:andesite":4,"minecraft:bone_meal":25,"minecraft:experience_bottle":2,"minecraft:stone_sword":107,"minecraft:flint_and_steel":2,"minecraft:stone_shovel":3225,"minecraft:pale_oak_fence":4,"minecraft:cooked_chicken":6,"minecraft:torch":380,"minecraft:dirt":1346,"minecraft:dark_oak_planks":399,"minecraft:pale_oak_sapling":22,"minecraft:oak_stairs":4,"minecraft:barrel":1,"minecraft:glowstone":58,"minecraft:golden_carrot":1,"minecraft:dark_oak_pressure_plate":1,"minecraft:goat_horn":2,"minecraft:deepslate_tile_stairs":3,"minecraft:cooked_beef":16,"minecraft:cobbled_deepslate":108,"minecraft:iron_leggings":1,"minecraft:cooked_mutton":9,"minecraft:water_bucket":28,"minecraft:cobblestone_stairs":116,"minecraft:snow_block":5,"minecraft:birch_planks":170,"minecraft:stonecutter":1,"minecraft:cobblestone_slab":1,"minecraft:cracked_stone_bricks":18,"minecraft:rail":7,"minecraft:crafting_table":17,"minecraft:white_bed":2,"minecraft:dark_oak_fence_gate":2,"minecraft:purple_stained_glass":47,"minecraft:diamond_pickaxe":34,"minecraft:apple":8,"minecraft:iron_pickaxe":4658,"minecraft:detector_rail":2,"minecraft:pale_oak_pressure_plate":3,"minecraft:stone_axe":421,"minecraft:cobblestone":140,"travelersbackpack:standard":12,"minecraft:cooked_porkchop":11,"minecraft:andesite_stairs":1,"minecraft:bucket":43,"minecraft:birch_stairs":4},"minecraft:mined":{"minecraft:dark_oak_planks":73,"minecraft:white_bed":2,"minecraft:pale_oak_fence":42,"minecraft:obsidian":26,"minecraft:granite":28,"minecraft:grass_block":1225,"travelersbackpack:iron":1,"minecraft:tuff_bricks":16,"minecraft:spawner":3,"minecraft:weeping_vines_plant":1,"minecraft:glowstone":124,"minecraft:iron_ore":133,"minecraft:cobbled_deepslate":15,"minecraft:fire":35,"minecraft:deepslate_lapis_ore":23,"minecraft:dark_oak_stairs":4,"minecraft:dirt_path":1,"minecraft:oak_stairs":4,"minecraft:pale_oak_log":289,"minecraft:deepslate_redstone_ore":11,"minecraft:brown_mushroom":1,"minecraft:soul_fire":23,"minecraft:deepslate_tile_slab":2,"minecraft:torch":35,"minecraft:blast_furnace":1,"minecraft:polished_andesite_stairs":1,"minecraft:pale_oak_planks":35,"minecraft:cobblestone":104,"minecraft:iron_door":1,"minecraft:wall_torch":37,"minecraft:birch_sapling":1,"minecraft:seagrass":1,"minecraft:powered_rail":2,"minecraft:mud":1,"minecraft:birch_log":73,"minecraft:oak_log":10,"minecraft:sand":131,"minecraft:dirt":2080,"minecraft:smooth_quartz":64,"minecraft:oak_leaves":5,"minecraft:deepslate":461,"minecraft:deepslate_tiles":68,"minecraft:tuff":46,"minecraft:deepslate_diamond_ore":18,"minecraft:dark_oak_log":340,"gravestone:gravestone":18,"minecraft:spruce_leaves":4,"minecraft:moss_block":1,"minecraft:hay_block":9,"minecraft:redstone_ore":6,"minecraft:furnace":5,"minecraft:snow":395,"minecraft:andesite":5,"minecraft:gold_block":8,"minecraft:pale_oak_stairs":39,"minecraft:cobblestone_slab":1,"minecraft:deepslate_iron_ore":98,"minecraft:vine":2,"minecraft:rail":112,"minecraft:stone":2983,"minecraft:podzol":1,"minecraft:birch_stairs":4,"minecraft:snow_block":4,"minecraft:crafting_table":10,"minecraft:short_grass":28,"minecraft:emerald_ore":19,"minecraft:andesite_slab":1,"minecraft:stone_slab":2,"minecraft:copper_ore":6,"minecraft:tall_grass":6,"minecraft:lapis_ore":5,"minecraft:deepslate_gold_ore":24,"minecraft:birch_planks":170,"minecraft:coarse_dirt":1,"minecraft:sweet_berry_bush":2,"minecraft:spruce_log":7,"minecraft:birch_leaves":2,"minecraft:coal_ore":207,"minecraft:zombie_head":1,"minecraft:sunflower":4,"minecraft:gravel":123,"minecraft:cobweb":19,"minecraft:cracked_stone_bricks":39,"minecraft:acacia_planks":1,"minecraft:stone_bricks":141,"minecraft:mossy_stone_bricks":123,"minecraft:gold_ore":1,"minecraft:infested_stone":2,"minecraft:fern":3},"minecraft:killed_by":{"minecraft:ghast":1,"minecraft:creeper":1,"minecraft:magma_cube":1,"minecraft:vindicator":2,"minecraft:blaze":1,"minecraft:zombie":7,"minecraft:spider":1,"minecraft:skeleton":1}},"DataVersion":4189}