{"stats":{"minecraft:crafted":{"minecraft:cooked_beef":16,"minecraft:wooden_sword":1,"minecraft:oak_planks":24,"minecraft:stone_shovel":24,"minecraft:barrel":1,"minecraft:cooked_porkchop":12,"minecraft:crafting_table":5,"minecraft:spruce_planks":28,"minecraft:cooked_chicken":6,"minecraft:wooden_pickaxe":1,"minecraft:iron_sword":2,"minecraft:birch_slab":6,"minecraft:furnace":1,"minecraft:birch_planks":44,"minecraft:stone_axe":1,"minecraft:air":0,"minecraft:cooked_mutton":9,"minecraft:bread":27,"minecraft:stick":68,"minecraft:iron_ingot":22,"minecraft:iron_pickaxe":6,"minecraft:stone_pickaxe":4,"minecraft:stone_sword":1,"minecraft:snow_block":97,"minecraft:chest":1,"minecraft:white_bed":1,"minecraft:wheat":81},"minecraft:killed_by":{"minecraft:zombie":3},"minecraft:dropped":{"minecraft:gravel":5,"minecraft:iron_sword":1,"minecraft:birch_planks":3,"minecraft:wheat_seeds":10,"minecraft:iron_nugget":5,"minecraft:stone_sword":1,"minecraft:birch_sapling":3,"minecraft:stone_shovel":2,"minecraft:feather":1,"minecraft:rotten_flesh":2,"minecraft:white_bed":1,"minecraft:stick":1,"minecraft:dirt":387,"minecraft:oak_sapling":3,"minecraft:snowball":45,"gravestone:obituary":4,"minecraft:wooden_sword":1,"minecraft:armadillo_scute":1,"minecraft:stone_pickaxe":3,"minecraft:wooden_pickaxe":1},"minecraft:killed":{"minecraft:pig":7,"minecraft:spider":1,"minecraft:sheep":5,"minecraft:skeleton":4,"minecraft:pillager":1,"minecraft:zombie":3,"minecraft:chicken":4,"minecraft:cow":4},"minecraft:picked_up":{"minecraft:birch_log":11,"minecraft:crafting_table":4,"minecraft:feather":1,"minecraft:chicken":4,"minecraft:leather":4,"minecraft:oak_log":6,"gravestone:obituary":1,"minecraft:dirt":2626,"minecraft:string":1,"minecraft:wheat_seeds":9,"minecraft:beef":6,"minecraft:iron_nugget":5,"minecraft:birch_sapling":5,"minecraft:soul_sand":5,"minecraft:furnace":1,"minecraft:raw_iron":28,"minecraft:stick":10,"minecraft:sweet_berries":20,"minecraft:torch":4,"minecraft:gravel":5,"minecraft:porkchop":11,"minecraft:stone_button":1,"minecraft:ink_sac":2,"minecraft:white_bed":3,"minecraft:spruce_log":7,"minecraft:arrow":3,"minecraft:rotten_flesh":4,"minecraft:hay_block":9,"minecraft:armadillo_scute":2,"minecraft:emerald":1,"minecraft:oak_sapling":4,"minecraft:mutton":9,"minecraft:coal":57,"minecraft:snowball":484,"minecraft:white_wool":5,"minecraft:cobblestone":1551},"minecraft:broken":{"minecraft:stone_pickaxe":1,"minecraft:iron_pickaxe":5,"minecraft:stone_shovel":20},"minecraft:mined":{"minecraft:white_bed":2,"minecraft:snow_block":4,"minecraft:crafting_table":4,"minecraft:torch":3,"gravestone:gravestone":3,"minecraft:short_grass":18,"minecraft:emerald_ore":1,"minecraft:grass_block":1134,"minecraft:cobblestone":3,"minecraft:tall_grass":3,"minecraft:spruce_leaves":4,"minecraft:hay_block":9,"minecraft:coarse_dirt":1,"minecraft:furnace":1,"minecraft:birch_log":11,"minecraft:iron_ore":28,"minecraft:sweet_berry_bush":2,"minecraft:snow":382,"minecraft:spruce_log":7,"minecraft:coal_ore":56,"minecraft:oak_log":6,"minecraft:dirt_path":1,"minecraft:gravel":12,"minecraft:dirt":1421,"minecraft:stone":1484,"minecraft:oak_leaves":3,"minecraft:fern":3,"minecraft:podzol":1},"minecraft:custom":{"minecraft:interact_with_furnace":28,"minecraft:mob_kills":29,"minecraft:interact_with_crafting_table":47,"minecraft:open_barrel":12,"minecraft:damage_dealt_resisted":1434,"minecraft:leave_game":4,"minecraft:time_since_death":80445,"minecraft:sleep_in_bed":5,"minecraft:climb_one_cm":238,"minecraft:time_since_rest":1566,"minecraft:sprint_one_cm":166273,"minecraft:damage_taken":2731,"minecraft:walk_one_cm":696381,"minecraft:drop":53,"minecraft:damage_dealt":3719,"minecraft:damage_dealt_absorbed":780,"minecraft:swim_one_cm":1091,"minecraft:talked_to_villager":1,"minecraft:fly_one_cm":276272,"minecraft:open_chest":44,"minecraft:play_time":160555,"minecraft:crouch_one_cm":36399,"minecraft:sneak_time":9977,"minecraft:deaths":3,"minecraft:walk_under_water_one_cm":416,"minecraft:jump":1981,"minecraft:walk_on_water_one_cm":2847,"minecraft:total_world_time":160555,"minecraft:fall_one_cm":37017},"minecraft:used":{"minecraft:stone_sword":107,"minecraft:snow_block":5,"minecraft:stone_pickaxe":144,"minecraft:stone_shovel":2919,"minecraft:chest":1,"minecraft:wooden_pickaxe":7,"minecraft:iron_sword":24,"minecraft:torch":3,"minecraft:dirt":656,"minecraft:crafting_table":8,"minecraft:white_bed":2,"minecraft:snowball":42,"minecraft:apple":1,"minecraft:iron_pickaxe":1431,"minecraft:bread":20,"minecraft:stone_button":1,"minecraft:birch_sapling":2,"minecraft:barrel":1,"minecraft:stone_axe":21,"minecraft:wooden_sword":10,"minecraft:cobblestone":4,"minecraft:sweet_berries":2,"minecraft:oak_sapling":1,"minecraft:furnace":1,"minecraft:cooked_porkchop":5,"minecraft:cooked_beef":10}},"DataVersion":4189}