{"stats":{"minecraft:killed":{"minecraft:pig":6,"minecraft:sheep":2,"minecraft:skeleton":1,"minecraft:pillager":1,"minecraft:chicken":1,"minecraft:cow":1},"minecraft:dropped":{"minecraft:wheat_seeds":4,"minecraft:birch_sapling":3,"minecraft:feather":1,"minecraft:oak_sapling":3,"minecraft:wooden_sword":1,"minecraft:wooden_pickaxe":1},"minecraft:mined":{"minecraft:podzol":1,"minecraft:crafting_table":2,"minecraft:short_grass":5,"minecraft:grass_block":3,"minecraft:tall_grass":1,"minecraft:spruce_leaves":4,"minecraft:hay_block":1,"minecraft:coarse_dirt":1,"minecraft:furnace":1,"minecraft:birch_log":11,"minecraft:sweet_berry_bush":2,"minecraft:spruce_log":7,"minecraft:coal_ore":6,"minecraft:dirt":10,"minecraft:stone":37,"minecraft:oak_leaves":3,"minecraft:fern":3},"minecraft:custom":{"minecraft:interact_with_furnace":9,"minecraft:mob_kills":12,"minecraft:interact_with_crafting_table":9,"minecraft:open_barrel":5,"minecraft:damage_dealt_resisted":319,"minecraft:leave_game":2,"minecraft:time_since_death":23124,"minecraft:climb_one_cm":238,"minecraft:time_since_rest":23124,"minecraft:sprint_one_cm":47940,"minecraft:damage_taken":755,"minecraft:walk_one_cm":103405,"minecraft:drop":8,"minecraft:damage_dealt":1536,"minecraft:damage_dealt_absorbed":179,"minecraft:swim_one_cm":1091,"minecraft:fly_one_cm":50634,"minecraft:open_chest":4,"minecraft:crouch_one_cm":1028,"minecraft:play_time":23124,"minecraft:sneak_time":250,"minecraft:walk_under_water_one_cm":224,"minecraft:jump":362,"minecraft:walk_on_water_one_cm":171,"minecraft:total_world_time":23124,"minecraft:fall_one_cm":7774},"minecraft:crafted":{"minecraft:wooden_sword":1,"minecraft:cooked_porkchop":5,"minecraft:crafting_table":3,"minecraft:spruce_planks":28,"minecraft:wooden_pickaxe":1,"minecraft:furnace":1,"minecraft:birch_planks":44,"minecraft:stone_axe":1,"minecraft:air":0,"minecraft:stick":8,"minecraft:stone_pickaxe":1,"minecraft:stone_sword":1},"minecraft:used":{"minecraft:stone_sword":46,"minecraft:stone_pickaxe":42,"minecraft:wooden_pickaxe":7,"minecraft:dirt":10,"minecraft:crafting_table":4,"minecraft:bread":7,"minecraft:birch_sapling":2,"minecraft:stone_axe":13,"minecraft:wooden_sword":10,"minecraft:cobblestone":1,"minecraft:sweet_berries":2,"minecraft:furnace":1,"minecraft:cooked_porkchop":5},"minecraft:picked_up":{"minecraft:birch_log":11,"minecraft:crafting_table":2,"minecraft:feather":1,"minecraft:chicken":1,"minecraft:leather":2,"minecraft:dirt":14,"minecraft:wheat_seeds":4,"minecraft:beef":2,"minecraft:birch_sapling":5,"minecraft:furnace":1,"minecraft:stick":7,"minecraft:sweet_berries":20,"minecraft:porkchop":10,"minecraft:spruce_log":7,"minecraft:arrow":1,"minecraft:hay_block":1,"minecraft:mutton":3,"minecraft:coal":6,"minecraft:white_wool":2,"minecraft:cobblestone":36}},"DataVersion":4189}