{"stats":{"minecraft:used":{"minecraft:tuff_bricks":9,"minecraft:red_sand":2,"minecraft:iron_shovel":739,"minecraft:pale_oak_stairs":153,"minecraft:chest":1,"minecraft:shield":103,"minecraft:iron_sword":503,"minecraft:carrot":22,"minecraft:deepslate_tile_slab":2,"travelersbackpack:iron":43,"minecraft:tuff":1,"minecraft:snowball":64,"minecraft:obsidian":15,"minecraft:glass":18,"minecraft:lava_bucket":14,"minecraft:pale_oak_planks":102,"minecraft:birch_sapling":17,"minecraft:iron_helmet":1,"minecraft:dark_oak_slab":21,"minecraft:stone_bricks":72,"minecraft:bow":54,"minecraft:sweet_berries":24,"minecraft:oak_sapling":5,"minecraft:furnace":7,"minecraft:potato":10,"minecraft:dark_oak_sapling":38,"minecraft:dark_oak_stairs":80,"minecraft:mossy_stone_bricks":26,"minecraft:stone_pickaxe":147,"minecraft:wooden_pickaxe":7,"minecraft:sugar_cane":10,"minecraft:diamond_axe":1019,"minecraft:blast_furnace":1,"minecraft:deepslate_tiles":587,"minecraft:bread":173,"minecraft:stone_button":1,"minecraft:string":1,"minecraft:iron_door":1,"minecraft:diamond_sword":266,"minecraft:wooden_sword":10,"minecraft:dark_oak_fence":50,"minecraft:andesite":4,"minecraft:bone_meal":45,"minecraft:experience_bottle":2,"minecraft:enchanting_table":1,"minecraft:stone_sword":107,"minecraft:flint_and_steel":2,"minecraft:stone_shovel":3225,"minecraft:pale_oak_fence":4,"minecraft:cooked_chicken":6,"minecraft:torch":493,"minecraft:dirt":1672,"minecraft:dark_oak_planks":565,"minecraft:pale_oak_sapling":22,"minecraft:oak_stairs":4,"minecraft:iron_boots":1,"minecraft:smooth_quartz":14,"minecraft:barrel":1,"minecraft:glowstone":118,"minecraft:golden_carrot":8,"minecraft:dark_oak_pressure_plate":1,"minecraft:goat_horn":2,"minecraft:deepslate_tile_stairs":3,"minecraft:cooked_beef":16,"minecraft:cobbled_deepslate":123,"minecraft:iron_leggings":2,"minecraft:cooked_mutton":9,"minecraft:water_bucket":28,"minecraft:cobblestone_stairs":116,"minecraft:snow_block":5,"minecraft:birch_planks":171,"minecraft:baked_potato":36,"minecraft:stonecutter":1,"minecraft:cobblestone_slab":1,"minecraft:cracked_stone_bricks":18,"minecraft:rail":7,"minecraft:crafting_table":18,"minecraft:white_bed":2,"minecraft:dark_oak_fence_gate":2,"minecraft:purple_stained_glass":129,"minecraft:diamond_pickaxe":37,"minecraft:apple":54,"minecraft:map":3,"minecraft:iron_pickaxe":5067,"minecraft:detector_rail":2,"minecraft:pale_oak_pressure_plate":3,"minecraft:stone_axe":421,"minecraft:cobblestone":140,"travelersbackpack:standard":27,"minecraft:cooked_porkchop":11,"minecraft:andesite_stairs":1,"minecraft:bucket":43,"minecraft:birch_stairs":4},"minecraft:broken":{"minecraft:golden_helmet":1,"minecraft:iron_shovel":1,"minecraft:iron_boots":1,"minecraft:iron_leggings":1,"minecraft:stone_pickaxe":1,"minecraft:stone_axe":3,"minecraft:iron_sword":2,"minecraft:stone_shovel":24,"minecraft:shield":1,"minecraft:iron_pickaxe":20,"minecraft:iron_helmet":1},"minecraft:custom":{"minecraft:interact_with_crafting_table":145,"minecraft:open_barrel":88,"minecraft:leave_game":13,"minecraft:time_since_death":24430,"minecraft:sprint_one_cm":1254219,"minecraft:drop":226,"minecraft:talked_to_villager":11,"minecraft:play_time":919745,"minecraft:deaths":23,"minecraft:jump":9948,"minecraft:walk_on_water_one_cm":48737,"minecraft:interact_with_furnace":101,"minecraft:sleep_in_bed":17,"minecraft:damage_dealt":26344,"minecraft:player_kills":1,"minecraft:crouch_one_cm":127447,"minecraft:mob_kills":158,"minecraft:damage_dealt_resisted":21599,"minecraft:climb_one_cm":17630,"minecraft:walk_one_cm":2867057,"minecraft:damage_dealt_absorbed":11687,"minecraft:sneak_time":38957,"minecraft:walk_under_water_one_cm":17507,"minecraft:interact_with_blast_furnace":22,"minecraft:total_world_time":919745,"minecraft:interact_with_stonecutter":15,"minecraft:time_since_rest":19242,"minecraft:damage_taken":21104,"minecraft:trigger_trapped_chest":1,"minecraft:swim_one_cm":28970,"minecraft:fly_one_cm":1537138,"minecraft:open_chest":335,"minecraft:fall_one_cm":256155},"minecraft:picked_up":{"minecraft:wheat":1,"minecraft:creeper_head":4,"minecraft:stone_slab":4,"minecraft:oak_stairs":8,"minecraft:string":29,"minecraft:raw_copper":7,"minecraft:zombie_head":1,"minecraft:red_sand":2,"minecraft:deepslate_tiles":110,"minecraft:tnt_minecart":2,"minecraft:gold_nugget":12,"minecraft:cobbled_deepslate":777,"minecraft:spruce_planks":1,"minecraft:cobblestone_slab":1,"minecraft:smooth_quartz":108,"minecraft:iron_pickaxe":2,"minecraft:furnace":6,"minecraft:pale_oak_stairs":39,"minecraft:golden_helmet":1,"minecraft:stick":94,"minecraft:torch":173,"minecraft:porkchop":11,"minecraft:pale_oak_sapling":39,"minecraft:goat_horn":3,"minecraft:brown_carpet":1,"travelersbackpack:iron":2,"minecraft:rotten_flesh":42,"minecraft:armadillo_scute":4,"minecraft:obsidian":31,"minecraft:snowball":506,"minecraft:cobblestone":4245,"minecraft:birch_log":73,"minecraft:feather":1,"minecraft:iron_door":1,"minecraft:andesite":7,"minecraft:pale_oak_planks":32,"minecraft:potato":31,"minecraft:flint":48,"minecraft:tuff":43,"minecraft:purple_stained_glass":129,"minecraft:map":2,"minecraft:lapis_lazuli":191,"minecraft:dirt":3299,"minecraft:lantern":3,"minecraft:bone":38,"minecraft:acacia_planks":1,"minecraft:bow":2,"minecraft:wheat_seeds":12,"minecraft:raw_gold":59,"minecraft:mossy_stone_bricks":123,"minecraft:glowstone_dust":641,"minecraft:pale_oak_log":289,"minecraft:powered_rail":2,"minecraft:sand":161,"minecraft:ink_sac":2,"minecraft:grass_block":1,"minecraft:dark_oak_log":354,"minecraft:sugar":2,"minecraft:diamond":45,"minecraft:granite":24,"minecraft:emerald":21,"minecraft:bread":22,"minecraft:oak_sapling":21,"minecraft:netherrack":3,"minecraft:andesite_slab":1,"minecraft:diamond_pickaxe":1,"minecraft:crafting_table":10,"minecraft:ominous_bottle":1,"minecraft:chicken":4,"minecraft:brown_mushroom":1,"minecraft:gold_block":8,"gravestone:obituary":10,"minecraft:shield":1,"minecraft:cracked_stone_bricks":39,"minecraft:detector_rail":4,"minecraft:beef":17,"minecraft:andesite_stairs":1,"minecraft:iron_nugget":11,"minecraft:sugar_cane":13,"minecraft:birch_sapling":31,"minecraft:dark_oak_sapling":43,"minecraft:raw_iron":286,"minecraft:stone_button":1,"minecraft:carrot":37,"minecraft:redstone":99,"minecraft:dark_oak_planks":247,"minecraft:arrow":34,"minecraft:hay_block":9,"minecraft:gold_ingot":53,"minecraft:tuff_bricks":16,"minecraft:mutton":9,"minecraft:rail":116,"minecraft:white_wool":5,"minecraft:golden_carrot":1,"minecraft:glow_ink_sac":1,"minecraft:leather":8,"minecraft:filled_map":3,"minecraft:birch_planks":171,"minecraft:pale_oak_fence":48,"minecraft:oak_log":14,"minecraft:chainmail_chestplate":1,"minecraft:golden_boots":1,"minecraft:gunpowder":19,"minecraft:deepslate_tile_slab":2,"minecraft:white_banner":1,"minecraft:apple":17,"minecraft:stone_bricks":141,"minecraft:iron_ingot":1,"minecraft:soul_sand":5,"minecraft:dark_oak_stairs":13,"minecraft:book":1,"minecraft:polished_andesite_stairs":2,"minecraft:dark_oak_slab":21,"minecraft:sweet_berries":44,"minecraft:dandelion":1,"minecraft:gravel":68,"minecraft:lava_bucket":7,"minecraft:birch_stairs":4,"minecraft:blast_furnace":1,"minecraft:white_bed":3,"minecraft:spruce_log":7,"minecraft:crying_obsidian":5,"minecraft:spider_eye":6,"minecraft:pumpkin_seeds":2,"minecraft:chainmail_leggings":2,"minecraft:coal":320,"minecraft:sunflower":3},"minecraft:mined":{"minecraft:dark_oak_planks":255,"minecraft:white_bed":2,"minecraft:pale_oak_fence":42,"minecraft:obsidian":26,"minecraft:granite":28,"minecraft:red_sand":1,"minecraft:grass_block":1228,"travelersbackpack:iron":1,"minecraft:tuff_bricks":16,"minecraft:spawner":3,"minecraft:weeping_vines_plant":1,"minecraft:glowstone":226,"minecraft:iron_ore":135,"minecraft:cobbled_deepslate":21,"minecraft:fire":41,"minecraft:deepslate_lapis_ore":23,"minecraft:dark_oak_stairs":12,"minecraft:dirt_path":1,"minecraft:oak_stairs":4,"minecraft:pale_oak_log":289,"minecraft:deepslate_redstone_ore":11,"minecraft:brown_mushroom":1,"minecraft:soul_fire":52,"minecraft:deepslate_tile_slab":2,"minecraft:torch":51,"minecraft:blast_furnace":1,"minecraft:polished_andesite_stairs":1,"minecraft:pale_oak_planks":35,"minecraft:cobblestone":105,"minecraft:sugar_cane":6,"minecraft:iron_door":1,"minecraft:wall_torch":43,"minecraft:birch_sapling":1,"minecraft:seagrass":1,"minecraft:powered_rail":2,"minecraft:dark_oak_slab":20,"minecraft:mud":1,"minecraft:birch_log":73,"minecraft:oak_log":10,"minecraft:sand":169,"minecraft:dirt":2120,"minecraft:smooth_quartz":107,"minecraft:netherrack":3,"minecraft:oak_leaves":5,"minecraft:deepslate":569,"minecraft:deepslate_tiles":111,"minecraft:tuff":47,"minecraft:deepslate_diamond_ore":22,"minecraft:dark_oak_log":340,"gravestone:gravestone":21,"minecraft:spruce_leaves":4,"minecraft:moss_block":1,"minecraft:hay_block":9,"minecraft:redstone_ore":6,"minecraft:furnace":5,"minecraft:carrots":9,"minecraft:snow":395,"minecraft:andesite":5,"minecraft:gold_block":8,"minecraft:pale_oak_stairs":39,"minecraft:potatoes":10,"minecraft:deepslate_iron_ore":138,"minecraft:cobblestone_slab":1,"minecraft:vine":2,"minecraft:rail":112,"minecraft:stone":3096,"minecraft:podzol":1,"minecraft:birch_stairs":4,"minecraft:snow_block":4,"minecraft:crafting_table":11,"minecraft:short_grass":33,"minecraft:emerald_ore":19,"minecraft:andesite_slab":1,"minecraft:stone_slab":2,"minecraft:tall_grass":6,"minecraft:copper_ore":6,"minecraft:lapis_ore":5,"minecraft:deepslate_gold_ore":50,"minecraft:birch_planks":171,"minecraft:coarse_dirt":1,"minecraft:sweet_berry_bush":8,"minecraft:spruce_log":7,"minecraft:birch_leaves":2,"minecraft:coal_ore":215,"minecraft:zombie_head":1,"minecraft:sunflower":4,"minecraft:gravel":124,"minecraft:cobweb":19,"minecraft:cracked_stone_bricks":39,"minecraft:acacia_planks":1,"minecraft:stone_bricks":141,"minecraft:mossy_stone_bricks":123,"minecraft:gold_ore":3,"minecraft:infested_stone":2,"minecraft:fern":3},"minecraft:killed_by":{"minecraft:ghast":1,"minecraft:creeper":2,"minecraft:magma_cube":1,"minecraft:vindicator":2,"minecraft:blaze":1,"minecraft:zombie":9,"minecraft:spider":1,"minecraft:skeleton":1},"minecraft:dropped":{"minecraft:iron_sword":1,"minecraft:birch_planks":3,"minecraft:brown_mushroom":1,"minecraft:dark_oak_stairs":2,"minecraft:crafting_table":1,"minecraft:cobblestone_stairs":63,"minecraft:dirt":387,"minecraft:dark_oak_log":91,"minecraft:snowball":45,"gravestone:obituary":34,"minecraft:wooden_sword":1,"minecraft:gold_nugget":1,"minecraft:iron_pickaxe":3,"minecraft:pale_oak_planks":256,"minecraft:bone":3,"minecraft:gravel":42,"minecraft:goat_horn":2,"minecraft:iron_nugget":16,"minecraft:detector_rail":4,"minecraft:cobbled_deepslate":64,"minecraft:andesite_slab":1,"minecraft:wheat":1,"minecraft:birch_sapling":3,"minecraft:rotten_flesh":19,"minecraft:white_bed":1,"minecraft:carrot":1,"minecraft:chainmail_chestplate":1,"minecraft:tipped_arrow":5,"minecraft:deepslate_tiles":38,"minecraft:gunpowder":14,"minecraft:arrow":3,"minecraft:glass":92,"minecraft:golden_boots":1,"minecraft:wheat_seeds":13,"minecraft:pale_oak_log":84,"minecraft:feather":1,"minecraft:cobblestone":152,"minecraft:apple":18,"minecraft:activator_rail":4,"minecraft:coal":2,"minecraft:stick":1,"minecraft:lava_bucket":1,"minecraft:golden_carrot":1,"minecraft:torch":2,"minecraft:map":2,"minecraft:oak_stairs":4,"minecraft:armadillo_scute":1,"minecraft:polished_andesite_stairs":2,"minecraft:chainmail_leggings":1,"minecraft:string":1,"minecraft:acacia_planks":1,"minecraft:dandelion":1,"minecraft:redstone":1,"minecraft:stone_sword":1,"minecraft:raw_copper":7,"minecraft:tuff":42,"minecraft:raw_iron":9,"minecraft:stone_shovel":2,"minecraft:stone_slab":4,"minecraft:pumpkin_seeds":2,"minecraft:filled_map":4,"minecraft:shield":2,"minecraft:spruce_planks":1,"minecraft:diamond_pickaxe":2,"minecraft:andesite":2,"minecraft:oak_sapling":3,"minecraft:spider_eye":6,"minecraft:brown_carpet":1,"minecraft:bow":3,"minecraft:stone_pickaxe":4,"minecraft:wooden_pickaxe":1},"minecraft:killed":{"minecraft:cave_spider":4,"minecraft:witch":2,"minecraft:spider":8,"minecraft:skeleton":32,"minecraft:chicken":4,"minecraft:silverfish":1,"minecraft:wolf":1,"minecraft:magma_cube":5,"minecraft:pig":7,"minecraft:zombie_villager":2,"minecraft:creeper":11,"minecraft:sheep":5,"minecraft:pillager":5,"minecraft:zombie":48,"minecraft:ghast":1,"minecraft:cow":10,"minecraft:blaze":1,"minecraft:vindicator":2,"minecraft:wither_skeleton":1},"minecraft:crafted":{"minecraft:oak_planks":40,"minecraft:pale_oak_stairs":132,"minecraft:barrel":1,"minecraft:dark_oak_pressure_plate":1,"minecraft:cooked_chicken":6,"minecraft:birch_slab":6,"minecraft:stone":3,"minecraft:cobblestone_stairs":128,"minecraft:cooked_mutton":9,"minecraft:pale_oak_planks":820,"minecraft:glass":144,"minecraft:diamond_helmet":1,"minecraft:diamond_leggings":1,"minecraft:iron_boots":1,"minecraft:chest":1,"minecraft:cooked_porkchop":12,"minecraft:crafting_table":9,"minecraft:spruce_planks":28,"minecraft:iron_helmet":2,"minecraft:wooden_pickaxe":1,"minecraft:baked_potato":43,"minecraft:copper_ingot":24,"minecraft:gold_block":1,"minecraft:birch_planks":292,"minecraft:book":1,"minecraft:paper":3,"minecraft:dark_oak_slab":12,"minecraft:iron_chestplate":1,"minecraft:diamond_pickaxe":2,"minecraft:shield":3,"minecraft:stick":200,"minecraft:iron_ingot":224,"minecraft:iron_pickaxe":20,"minecraft:stone_sword":1,"minecraft:snow_block":97,"minecraft:gold_ingot":63,"minecraft:dark_oak_fence_gate":2,"minecraft:birch_stairs":4,"minecraft:deepslate_tile_slab":2,"minecraft:golden_carrot":30,"minecraft:wooden_sword":1,"minecraft:stone_shovel":28,"minecraft:furnace":2,"minecraft:bone_meal":45,"minecraft:flint_and_steel":1,"minecraft:dark_oak_fence":51,"minecraft:pale_oak_pressure_plate":3,"minecraft:stone_pickaxe":5,"minecraft:diamond_boots":1,"minecraft:dark_oak_planks":988,"minecraft:wheat":81,"minecraft:cooked_beef":16,"minecraft:diamond_sword":1,"minecraft:dark_oak_stairs":76,"minecraft:enchanting_table":1,"minecraft:iron_sword":2,"minecraft:dark_oak_button":32,"minecraft:deepslate_tiles":1,"minecraft:stone_axe":4,"minecraft:glowstone":154,"minecraft:bread":31,"minecraft:air":0,"minecraft:gold_nugget":279,"minecraft:oak_stairs":4,"minecraft:deepslate_tile_stairs":3,"minecraft:iron_leggings":2,"minecraft:stonecutter":1,"minecraft:white_bed":1,"minecraft:torch":288,"minecraft:diamond_chestplate":1}},"DataVersion":4189}