{"stats":{"minecraft:picked_up":{"minecraft:charcoal":3,"minecraft:crafting_table":5,"minecraft:coarse_dirt":5,"minecraft:allium":1,"minecraft:wheat":1,"minecraft:chicken":2,"gravestone:obituary":1,"minecraft:stone_stairs":1,"minecraft:red_bed":4,"minecraft:string":1,"minecraft:dead_tube_coral_block":1,"minecraft:moss_carpet":4,"minecraft:cobbled_deepslate":93,"minecraft:spruce_planks":1,"minecraft:beef":13,"minecraft:coal_block":1,"minecraft:spruce_trapdoor":1,"minecraft:furnace":2,"minecraft:egg":3,"minecraft:tipped_arrow":5,"minecraft:dark_oak_sapling":4,"minecraft:stick":87,"minecraft:raw_iron":69,"minecraft:torch":30,"minecraft:spruce_stairs":1,"minecraft:porkchop":7,"minecraft:pale_oak_sapling":10,"minecraft:dark_oak_planks":54,"minecraft:stone_sword":1,"minecraft:stone_shovel":2,"minecraft:arrow":3,"minecraft:rotten_flesh":23,"minecraft:hay_block":66,"minecraft:armadillo_scute":4,"minecraft:tuff_bricks":7,"minecraft:obsidian":5,"minecraft:mutton":6,"minecraft:snowball":34,"minecraft:rail":1,"minecraft:white_wool":5,"minecraft:cobblestone":1785,"minecraft:birch_log":2,"minecraft:feather":4,"minecraft:lilac":2,"minecraft:leather":3,"minecraft:pale_oak_planks":68,"minecraft:birch_planks":3,"minecraft:pale_oak_slab":40,"minecraft:flint":5,"minecraft:tuff":2,"minecraft:oak_log":456,"minecraft:chainmail_chestplate":1,"minecraft:golden_boots":1,"minecraft:cobbled_deepslate_stairs":1,"minecraft:cobblestone_stairs":11,"minecraft:lapis_lazuli":23,"minecraft:dirt":826,"minecraft:lantern":4,"minecraft:glass":92,"minecraft:bone":2,"minecraft:apple":14,"minecraft:stone_bricks":2,"minecraft:bow":1,"minecraft:wheat_seeds":11,"minecraft:raw_gold":13,"minecraft:iron_ingot":11,"minecraft:stone_pickaxe":1,"minecraft:mossy_stone_bricks":2,"minecraft:pale_oak_log":129,"minecraft:moss_block":8,"minecraft:iron_sword":2,"minecraft:oak_planks":61,"minecraft:mossy_stone_brick_stairs":2,"minecraft:soul_sand":5,"minecraft:pumpkin":20,"minecraft:raw_iron_block":5,"minecraft:gravel":27,"minecraft:sand":195,"minecraft:white_bed":6,"minecraft:spruce_log":1,"minecraft:mossy_stone_brick_slab":2,"minecraft:dark_oak_log":129,"minecraft:spider_eye":2,"minecraft:polished_tuff":1,"minecraft:diamond":7,"minecraft:chainmail_leggings":1,"minecraft:granite":6,"minecraft:spruce_sign":17,"minecraft:rooted_dirt":2,"minecraft:oak_sapling":134,"minecraft:coal":108,"minecraft:chiseled_tuff_bricks":1,"minecraft:sunflower":4,"minecraft:diamond_pickaxe":1},"minecraft:used":{"minecraft:moss_block":5,"minecraft:stone_sword":94,"minecraft:iron_shovel":195,"minecraft:pale_oak_stairs":3,"minecraft:stone_shovel":348,"minecraft:chest":8,"minecraft:shield":5,"minecraft:iron_sword":178,"minecraft:pale_oak_door":3,"minecraft:mossy_stone_brick_slab":1,"minecraft:torch":191,"minecraft:dirt":653,"minecraft:allium":1,"minecraft:dark_oak_planks":369,"minecraft:glass":155,"minecraft:pale_oak_sapling":10,"minecraft:lava_bucket":1,"minecraft:lantern":1,"minecraft:iron_axe":6,"minecraft:rooted_dirt":2,"minecraft:pale_oak_planks":488,"minecraft:stone_bricks":1,"minecraft:bow":18,"minecraft:oak_sapling":72,"minecraft:goat_horn":4,"minecraft:furnace":8,"minecraft:egg":3,"minecraft:pale_oak_slab":62,"minecraft:potato":1,"minecraft:cooked_beef":3,"minecraft:cobbled_deepslate":1,"minecraft:dark_oak_sapling":4,"minecraft:cooked_mutton":6,"minecraft:water_bucket":3,"minecraft:mossy_stone_bricks":1,"minecraft:cobblestone_stairs":581,"minecraft:oak_planks":149,"minecraft:stone_pickaxe":2068,"minecraft:wooden_pickaxe":43,"minecraft:mossy_stone_brick_stairs":1,"minecraft:spruce_sign":1,"minecraft:crafting_table":5,"minecraft:red_bed":4,"minecraft:white_bed":5,"minecraft:cobbled_deepslate_stairs":1,"minecraft:oak_log":239,"minecraft:diamond_pickaxe":5,"minecraft:apple":3,"minecraft:sunflower":2,"minecraft:bread":74,"minecraft:iron_pickaxe":90,"minecraft:lilac":2,"minecraft:stone_axe":886,"minecraft:cobblestone":609,"minecraft:cooked_porkchop":6,"minecraft:bucket":5,"minecraft:coarse_dirt":3,"minecraft:splash_potion":1},"minecraft:crafted":{"minecraft:oak_planks":360,"minecraft:pale_oak_slab":42,"minecraft:raw_iron":45,"minecraft:stone_shovel":1,"minecraft:furnace":7,"minecraft:cobblestone_stairs":696,"minecraft:cooked_mutton":6,"minecraft:pale_oak_planks":516,"minecraft:glass":63,"minecraft:iron_boots":1,"minecraft:iron_axe":1,"minecraft:stone_pickaxe":16,"minecraft:chest":8,"minecraft:dark_oak_planks":364,"minecraft:wheat":594,"minecraft:cooked_beef":3,"minecraft:pale_oak_door":3,"minecraft:cooked_porkchop":6,"minecraft:crafting_table":2,"minecraft:spruce_planks":4,"minecraft:wooden_pickaxe":1,"minecraft:iron_helmet":1,"minecraft:bucket":1,"minecraft:birch_planks":8,"minecraft:stone_axe":7,"minecraft:bread":198,"minecraft:air":0,"minecraft:iron_chestplate":1,"minecraft:shield":1,"minecraft:stick":44,"minecraft:iron_ingot":46,"minecraft:iron_pickaxe":1,"minecraft:stone_sword":1,"minecraft:iron_shovel":1,"minecraft:iron_leggings":1,"minecraft:white_bed":1,"minecraft:torch":176},"minecraft:killed_by":{"minecraft:player":1,"minecraft:creeper":1,"minecraft:vindicator":2,"minecraft:zombie":2},"minecraft:mined":{"minecraft:dark_oak_planks":55,"minecraft:tuff":2,"minecraft:spruce_planks":2,"minecraft:white_bed":5,"minecraft:deepslate_diamond_ore":10,"minecraft:cobbled_deepslate_stairs":1,"minecraft:mossy_stone_brick_slab":1,"minecraft:andesite_stairs":1,"minecraft:cobblestone_stairs":13,"minecraft:dark_oak_log":38,"minecraft:obsidian":5,"minecraft:spruce_trapdoor":1,"gravestone:gravestone":6,"minecraft:allium":1,"minecraft:grass_block":262,"minecraft:dead_tube_coral_block":1,"minecraft:coal_block":1,"minecraft:chiseled_tuff_bricks":1,"minecraft:moss_block":4,"minecraft:tuff_bricks":7,"minecraft:hay_block":66,"minecraft:raw_iron_block":5,"minecraft:furnace":3,"minecraft:iron_ore":23,"minecraft:cobbled_deepslate":1,"minecraft:snow":27,"minecraft:polished_tuff":1,"minecraft:andesite":1,"minecraft:pumpkin":21,"minecraft:deepslate_lapis_ore":3,"minecraft:mossy_stone_brick_stairs":1,"minecraft:dirt_path":14,"minecraft:deepslate_iron_ore":11,"minecraft:rail":1,"minecraft:pale_oak_log":45,"minecraft:stone":1690,"minecraft:pale_oak_slab":35,"minecraft:red_bed":4,"minecraft:hanging_roots":1,"minecraft:snow_block":1,"minecraft:crafting_table":4,"minecraft:torch":22,"minecraft:short_grass":17,"minecraft:pale_oak_planks":74,"minecraft:spruce_wall_sign":1,"minecraft:tall_grass":6,"minecraft:glass":12,"minecraft:cobblestone":139,"minecraft:deepslate_gold_ore":13,"minecraft:oak_planks":61,"minecraft:wall_torch":8,"minecraft:spruce_stairs":1,"minecraft:stone_stairs":1,"minecraft:coarse_dirt":6,"minecraft:birch_log":2,"minecraft:lilac":3,"minecraft:white_carpet":1,"minecraft:spruce_log":1,"minecraft:oak_log":466,"minecraft:coal_ore":97,"minecraft:gravel":29,"minecraft:sand":195,"minecraft:dirt":288,"minecraft:stone_bricks":1,"minecraft:mossy_stone_bricks":1,"minecraft:oak_leaves":54,"minecraft:deepslate":74},"minecraft:killed":{"minecraft:spider":1,"minecraft:skeleton":2,"minecraft:chicken":2,"minecraft:silverfish":2,"minecraft:husk":6,"minecraft:pig":3,"minecraft:sheep":3,"minecraft:zombie":9,"minecraft:cow":6},"minecraft:custom":{"minecraft:mob_kills":34,"minecraft:interact_with_crafting_table":49,"minecraft:open_barrel":42,"minecraft:damage_dealt_resisted":4825,"minecraft:leave_game":7,"minecraft:time_since_death":42011,"minecraft:climb_one_cm":2178,"minecraft:sprint_one_cm":825595,"minecraft:walk_one_cm":1466859,"minecraft:drop":47,"minecraft:damage_dealt_absorbed":2501,"minecraft:talked_to_villager":2,"minecraft:play_time":383801,"minecraft:sneak_time":25880,"minecraft:deaths":6,"minecraft:walk_under_water_one_cm":3746,"minecraft:interact_with_lectern":1,"minecraft:jump":3924,"minecraft:walk_on_water_one_cm":56333,"minecraft:total_world_time":383801,"minecraft:interact_with_furnace":63,"minecraft:sleep_in_bed":23,"minecraft:time_since_rest":12887,"minecraft:damage_taken":5372,"minecraft:trigger_trapped_chest":1,"minecraft:damage_dealt":5981,"minecraft:swim_one_cm":23278,"minecraft:fly_one_cm":625213,"minecraft:open_chest":105,"minecraft:crouch_one_cm":116375,"minecraft:fall_one_cm":68183},"minecraft:dropped":{"minecraft:golden_boots":1,"minecraft:iron_sword":1,"minecraft:moss_block":3,"minecraft:wheat_seeds":7,"minecraft:crafting_table":1,"minecraft:lantern":3,"minecraft:granite":6,"minecraft:mossy_stone_brick_stairs":1,"minecraft:stick":4,"minecraft:dirt":6,"minecraft:snowball":34,"gravestone:obituary":6,"minecraft:sunflower":2,"minecraft:chainmail_leggings":2,"minecraft:gravel":27,"minecraft:moss_carpet":2,"minecraft:goat_horn":1,"minecraft:iron_nugget":6,"minecraft:coarse_dirt":2,"minecraft:stone_sword":2,"minecraft:cobbled_deepslate":10,"minecraft:tuff":2,"minecraft:wheat":1,"minecraft:obsidian":5,"minecraft:rotten_flesh":13,"minecraft:mossy_stone_brick_slab":1,"minecraft:chainmail_chestplate":1,"minecraft:mossy_stone_bricks":1,"minecraft:oak_sapling":46,"minecraft:stone_bricks":1,"minecraft:stone_pickaxe":1},"minecraft:broken":{"minecraft:stone_pickaxe":15,"minecraft:stone_axe":6,"minecraft:stone_shovel":3}},"DataVersion":4189}