{"stats":{"minecraft:killed":{"minecraft:spider":1,"minecraft:skeleton":4,"minecraft:chicken":2,"minecraft:silverfish":2,"minecraft:magma_cube":7,"minecraft:pig":3,"minecraft:sheep":3,"minecraft:zombie":9,"minecraft:cow":6,"minecraft:blaze":1,"minecraft:husk":6,"minecraft:enderman":1},"minecraft:broken":{"minecraft:iron_shovel":2,"minecraft:stone_pickaxe":16,"minecraft:stone_axe":6,"minecraft:stone_shovel":3,"minecraft:iron_axe":1,"minecraft:iron_pickaxe":6},"minecraft:custom":{"minecraft:interact_with_crafting_table":68,"minecraft:open_barrel":58,"minecraft:leave_game":8,"minecraft:time_since_death":164488,"minecraft:sprint_one_cm":1343563,"minecraft:drop":75,"minecraft:talked_to_villager":2,"minecraft:play_time":599791,"minecraft:deaths":7,"minecraft:jump":5517,"minecraft:walk_on_water_one_cm":64311,"minecraft:interact_with_furnace":89,"minecraft:sleep_in_bed":35,"minecraft:damage_dealt":7102,"minecraft:crouch_one_cm":144051,"minecraft:mob_kills":46,"minecraft:damage_dealt_resisted":5460,"minecraft:climb_one_cm":7871,"minecraft:walk_one_cm":2341996,"minecraft:damage_dealt_absorbed":2936,"minecraft:sneak_time":32472,"minecraft:walk_under_water_one_cm":4294,"minecraft:interact_with_lectern":1,"minecraft:interact_with_blast_furnace":2,"minecraft:total_world_time":599791,"minecraft:time_since_rest":3679,"minecraft:damage_taken":6549,"minecraft:trigger_trapped_chest":1,"minecraft:swim_one_cm":23278,"minecraft:fly_one_cm":963027,"minecraft:open_chest":144,"minecraft:fall_one_cm":91963},"minecraft:crafted":{"minecraft:pale_oak_slab":42,"minecraft:oak_planks":360,"minecraft:barrel":6,"minecraft:pale_oak_fence":72,"minecraft:cobblestone_stairs":696,"minecraft:cooked_mutton":6,"minecraft:pale_oak_planks":1164,"minecraft:glass":498,"minecraft:iron_boots":1,"minecraft:chest":8,"minecraft:cooked_porkchop":6,"minecraft:crafting_table":3,"minecraft:spruce_planks":4,"minecraft:wooden_pickaxe":1,"minecraft:iron_helmet":1,"minecraft:birch_planks":8,"minecraft:dark_oak_slab":12,"minecraft:iron_chestplate":1,"minecraft:purple_dye":42,"minecraft:shield":1,"minecraft:stick":112,"minecraft:iron_ingot":48,"minecraft:iron_pickaxe":7,"minecraft:stone_sword":1,"minecraft:raw_iron":45,"minecraft:stone_shovel":1,"minecraft:iron_nugget":18,"minecraft:furnace":7,"minecraft:iron_axe":2,"minecraft:ladder":6,"minecraft:stone_pickaxe":16,"minecraft:dark_oak_planks":516,"minecraft:wheat":594,"minecraft:cooked_beef":3,"minecraft:pale_oak_door":3,"minecraft:red_dye":31,"minecraft:diamond_sword":1,"minecraft:purple_stained_glass":64,"minecraft:bucket":22,"minecraft:stone_axe":7,"minecraft:bread":198,"minecraft:air":0,"minecraft:blue_dye":25,"minecraft:iron_shovel":4,"minecraft:iron_leggings":1,"minecraft:white_bed":1,"minecraft:torch":244},"minecraft:picked_up":{"minecraft:wheat":1,"minecraft:dead_tube_coral_block":1,"minecraft:string":1,"minecraft:sea_pickle":2,"minecraft:cobbled_deepslate":93,"minecraft:spruce_planks":1,"minecraft:coal_block":1,"minecraft:furnace":2,"minecraft:tipped_arrow":5,"minecraft:stick":102,"minecraft:torch":43,"minecraft:spruce_stairs":1,"minecraft:porkchop":7,"minecraft:pale_oak_sapling":38,"minecraft:stone_sword":1,"minecraft:rotten_flesh":23,"minecraft:armadillo_scute":4,"minecraft:obsidian":5,"minecraft:snowball":34,"minecraft:cobblestone":2385,"minecraft:birch_log":2,"minecraft:magma_block":5,"minecraft:feather":4,"minecraft:lilac":2,"minecraft:magma_cream":1,"minecraft:pale_oak_planks":357,"minecraft:pale_oak_slab":40,"minecraft:flint":5,"minecraft:tuff":2,"minecraft:lapis_lazuli":23,"minecraft:dirt":977,"minecraft:lantern":4,"minecraft:glass":94,"minecraft:bone":21,"minecraft:bow":2,"minecraft:wheat_seeds":11,"minecraft:raw_gold":13,"minecraft:mossy_stone_bricks":2,"minecraft:pale_oak_log":355,"minecraft:moss_block":8,"minecraft:mossy_stone_brick_stairs":2,"minecraft:oak_planks":90,"minecraft:sand":514,"minecraft:dark_oak_log":167,"minecraft:diamond":7,"minecraft:granite":6,"minecraft:spruce_sign":17,"minecraft:emerald":4,"minecraft:rooted_dirt":2,"minecraft:oak_sapling":134,"minecraft:diamond_pickaxe":1,"minecraft:charcoal":3,"minecraft:crafting_table":5,"minecraft:coarse_dirt":5,"minecraft:allium":1,"minecraft:chicken":2,"minecraft:gold_block":1,"gravestone:obituary":3,"minecraft:cornflower":25,"minecraft:moss_carpet":4,"minecraft:red_bed":5,"minecraft:stone_stairs":1,"minecraft:beef":13,"minecraft:poppy":31,"minecraft:spruce_trapdoor":1,"minecraft:egg":3,"minecraft:dark_oak_sapling":8,"minecraft:raw_iron":69,"minecraft:redstone":1,"minecraft:iron_horse_armor":1,"minecraft:dark_oak_planks":58,"minecraft:arrow":6,"minecraft:stone_shovel":2,"minecraft:hay_block":70,"minecraft:tuff_bricks":7,"minecraft:mutton":6,"minecraft:white_wool":5,"minecraft:rail":1,"minecraft:leather":3,"minecraft:birch_planks":3,"minecraft:pale_oak_fence":11,"minecraft:oak_log":487,"minecraft:chainmail_chestplate":1,"minecraft:golden_boots":1,"minecraft:cobbled_deepslate_stairs":1,"minecraft:cobblestone_stairs":11,"minecraft:apple":14,"minecraft:stone_bricks":2,"minecraft:iron_ingot":34,"minecraft:stone_pickaxe":1,"minecraft:soul_sand":5,"minecraft:iron_sword":2,"minecraft:pumpkin":20,"minecraft:raw_iron_block":5,"minecraft:gravel":27,"minecraft:spruce_log":1,"minecraft:white_bed":6,"minecraft:polished_tuff":1,"minecraft:mossy_stone_brick_slab":2,"minecraft:spider_eye":2,"minecraft:chainmail_leggings":1,"minecraft:coal":151,"minecraft:chiseled_tuff_bricks":1,"minecraft:sunflower":4},"minecraft:dropped":{"minecraft:iron_sword":1,"minecraft:moss_block":3,"minecraft:crafting_table":1,"minecraft:lantern":3,"minecraft:mossy_stone_brick_stairs":1,"minecraft:iron_horse_armor":1,"minecraft:dirt":134,"minecraft:snowball":34,"gravestone:obituary":8,"minecraft:sunflower":2,"minecraft:dark_oak_planks":4,"minecraft:pale_oak_planks":6,"minecraft:bone":18,"minecraft:gravel":27,"minecraft:goat_horn":1,"minecraft:iron_nugget":6,"minecraft:cobbled_deepslate":10,"minecraft:wheat":1,"minecraft:obsidian":5,"minecraft:rotten_flesh":13,"minecraft:pale_oak_fence":10,"minecraft:mossy_stone_brick_slab":1,"minecraft:chainmail_chestplate":1,"minecraft:arrow":1,"minecraft:glass":2,"minecraft:golden_boots":1,"minecraft:wheat_seeds":7,"minecraft:cobblestone":453,"minecraft:granite":6,"minecraft:stick":4,"minecraft:lava_bucket":5,"minecraft:chainmail_leggings":2,"minecraft:moss_carpet":2,"minecraft:coarse_dirt":2,"minecraft:stone_sword":2,"minecraft:tuff":2,"minecraft:purple_stained_glass":47,"minecraft:mossy_stone_bricks":1,"minecraft:oak_sapling":46,"minecraft:stone_bricks":1,"minecraft:stone_pickaxe":1},"minecraft:used":{"minecraft:moss_block":5,"minecraft:iron_shovel":518,"minecraft:pale_oak_stairs":3,"minecraft:ladder":6,"minecraft:chest":8,"minecraft:shield":12,"minecraft:iron_sword":230,"minecraft:mossy_stone_brick_slab":1,"minecraft:allium":1,"minecraft:glass":558,"minecraft:lava_bucket":14,"minecraft:lantern":1,"minecraft:pale_oak_planks":1120,"minecraft:stone_bricks":1,"minecraft:bow":23,"minecraft:furnace":8,"minecraft:oak_sapling":72,"minecraft:pale_oak_slab":82,"minecraft:egg":3,"minecraft:potato":1,"minecraft:dark_oak_sapling":8,"minecraft:mossy_stone_bricks":1,"minecraft:stone_pickaxe":2099,"minecraft:oak_planks":178,"minecraft:wooden_pickaxe":43,"minecraft:mossy_stone_brick_stairs":1,"minecraft:cobbled_deepslate_stairs":1,"minecraft:bread":113,"minecraft:lilac":2,"minecraft:diamond_sword":36,"minecraft:coarse_dirt":3,"minecraft:stone_sword":94,"minecraft:stone_shovel":348,"minecraft:pale_oak_door":3,"minecraft:pale_oak_fence":73,"minecraft:torch":277,"minecraft:dirt":673,"minecraft:dark_oak_planks":407,"minecraft:pale_oak_sapling":38,"minecraft:iron_axe":308,"minecraft:rooted_dirt":2,"minecraft:barrel":6,"minecraft:goat_horn":4,"minecraft:cooked_beef":3,"minecraft:cobbled_deepslate":1,"minecraft:cooked_mutton":6,"minecraft:water_bucket":4,"minecraft:cobblestone_stairs":581,"minecraft:spruce_sign":1,"minecraft:crafting_table":6,"minecraft:red_bed":5,"minecraft:white_bed":5,"minecraft:oak_log":256,"minecraft:purple_stained_glass":17,"minecraft:diamond_pickaxe":8,"minecraft:apple":3,"minecraft:sunflower":2,"minecraft:iron_pickaxe":1545,"minecraft:stone_axe":948,"minecraft:cobblestone":784,"minecraft:cooked_porkchop":6,"minecraft:bucket":40,"minecraft:splash_potion":1},"minecraft:mined":{"minecraft:dark_oak_planks":59,"minecraft:spruce_planks":2,"minecraft:white_bed":5,"minecraft:mossy_stone_brick_slab":1,"minecraft:pale_oak_fence":11,"minecraft:cobbled_deepslate_stairs":1,"minecraft:andesite_stairs":1,"minecraft:cobblestone_stairs":13,"minecraft:obsidian":5,"minecraft:spruce_trapdoor":1,"minecraft:grass_block":275,"minecraft:dead_tube_coral_block":1,"minecraft:coal_block":1,"minecraft:chiseled_tuff_bricks":1,"minecraft:tuff_bricks":7,"minecraft:raw_iron_block":5,"minecraft:magma_block":6,"minecraft:iron_ore":23,"minecraft:cobbled_deepslate":1,"minecraft:fire":5,"minecraft:polished_tuff":1,"minecraft:pumpkin":21,"minecraft:deepslate_lapis_ore":3,"minecraft:dirt_path":14,"minecraft:pale_oak_log":271,"minecraft:red_bed":5,"minecraft:soul_fire":11,"minecraft:torch":22,"minecraft:poppy":31,"minecraft:pale_oak_planks":104,"minecraft:spruce_wall_sign":1,"minecraft:glass":17,"minecraft:cobblestone":154,"minecraft:oak_planks":90,"minecraft:wall_torch":15,"minecraft:stone_stairs":1,"minecraft:birch_log":2,"minecraft:lilac":3,"minecraft:oak_log":497,"minecraft:sand":518,"minecraft:dirt":386,"minecraft:oak_leaves":54,"minecraft:deepslate":74,"minecraft:tuff":2,"minecraft:deepslate_diamond_ore":10,"minecraft:dark_oak_log":76,"gravestone:gravestone":7,"minecraft:allium":1,"minecraft:moss_block":4,"minecraft:hay_block":70,"minecraft:furnace":3,"minecraft:snow":27,"minecraft:andesite":1,"minecraft:gold_block":1,"minecraft:mossy_stone_brick_stairs":1,"minecraft:deepslate_iron_ore":11,"minecraft:rail":1,"minecraft:stone":3019,"minecraft:pale_oak_slab":35,"minecraft:hanging_roots":1,"minecraft:snow_block":1,"minecraft:crafting_table":4,"minecraft:cornflower":25,"minecraft:short_grass":26,"minecraft:emerald_ore":4,"minecraft:tall_grass":7,"minecraft:deepslate_gold_ore":13,"minecraft:spruce_stairs":1,"minecraft:coarse_dirt":6,"minecraft:purple_stained_glass":17,"minecraft:white_carpet":1,"minecraft:spruce_log":1,"minecraft:coal_ore":140,"minecraft:gravel":29,"minecraft:stone_bricks":1,"minecraft:mossy_stone_bricks":1},"minecraft:killed_by":{"minecraft:creeper":1,"minecraft:vindicator":2,"minecraft:zombie":2,"minecraft:player":1}},"DataVersion":4189}