{"stats":{"minecraft:killed":{"minecraft:sheep":1,"minecraft:pig":3,"minecraft:zombie":1,"minecraft:chicken":2,"minecraft:silverfish":2,"minecraft:cow":3},"minecraft:mined":{"minecraft:hay_block":4,"minecraft:coarse_dirt":4,"minecraft:furnace":1,"minecraft:birch_log":2,"minecraft:lilac":1,"minecraft:spruce_log":1,"minecraft:torch":2,"minecraft:crafting_table":2,"minecraft:short_grass":4,"minecraft:coal_ore":5,"minecraft:grass_block":2,"minecraft:dirt":2,"minecraft:tall_grass":5,"minecraft:stone":42,"minecraft:wall_torch":1},"minecraft:custom":{"minecraft:time_since_rest":18000,"minecraft:interact_with_furnace":6,"minecraft:sprint_one_cm":42782,"minecraft:damage_taken":400,"minecraft:walk_one_cm":83595,"minecraft:trigger_trapped_chest":1,"minecraft:mob_kills":12,"minecraft:damage_dealt":1173,"minecraft:damage_dealt_absorbed":201,"minecraft:interact_with_crafting_table":6,"minecraft:fly_one_cm":23151,"minecraft:open_barrel":1,"minecraft:open_chest":2,"minecraft:play_time":18000,"minecraft:sneak_time":10,"minecraft:walk_under_water_one_cm":341,"minecraft:damage_dealt_resisted":321,"minecraft:jump":223,"minecraft:walk_on_water_one_cm":1460,"minecraft:time_since_death":18000,"minecraft:total_world_time":18000,"minecraft:fall_one_cm":5317},"minecraft:crafted":{"minecraft:cooked_porkchop":2,"minecraft:spruce_planks":4,"minecraft:stick":8,"minecraft:wooden_pickaxe":1,"minecraft:stone_pickaxe":1,"minecraft:stone_sword":1,"minecraft:furnace":1,"minecraft:torch":4,"minecraft:birch_planks":8,"minecraft:stone_axe":1,"minecraft:air":0,"minecraft:cooked_mutton":2,"minecraft:bread":12,"minecraft:wheat":36},"minecraft:used":{"minecraft:stone_sword":53,"minecraft:bread":7,"minecraft:stone_pickaxe":7,"minecraft:wooden_pickaxe":43,"minecraft:spruce_sign":1,"minecraft:lilac":1,"minecraft:stone_axe":2,"minecraft:torch":5,"minecraft:dirt":4,"minecraft:cobblestone":10,"minecraft:crafting_table":1,"minecraft:furnace":1,"minecraft:egg":1,"minecraft:coarse_dirt":3},"minecraft:picked_up":{"minecraft:birch_log":2,"minecraft:chicken":2,"minecraft:coarse_dirt":3,"minecraft:crafting_table":2,"minecraft:feather":4,"minecraft:lilac":1,"minecraft:torch":3,"minecraft:porkchop":7,"minecraft:spruce_log":1,"minecraft:dirt":35,"minecraft:wheat_seeds":2,"minecraft:hay_block":4,"minecraft:beef":8,"minecraft:spruce_sign":1,"minecraft:rooted_dirt":2,"minecraft:egg":1,"minecraft:mutton":3,"minecraft:coal":3,"minecraft:white_wool":3,"minecraft:cobblestone":42,"minecraft:furnace":1}},"DataVersion":4189}