{"stats":{"minecraft:killed":{"minecraft:pig":3,"minecraft:sheep":3,"minecraft:zombie":1,"minecraft:chicken":2,"minecraft:silverfish":2,"minecraft:cow":6},"minecraft:dropped":{"minecraft:wheat_seeds":4},"minecraft:mined":{"minecraft:white_bed":1,"minecraft:snow_block":1,"minecraft:crafting_table":2,"minecraft:torch":2,"minecraft:short_grass":11,"minecraft:grass_block":207,"minecraft:tall_grass":5,"minecraft:oak_planks":61,"minecraft:wall_torch":2,"minecraft:hay_block":66,"minecraft:coarse_dirt":4,"minecraft:furnace":1,"minecraft:birch_log":2,"minecraft:snow":27,"minecraft:lilac":1,"minecraft:spruce_log":1,"minecraft:oak_log":4,"minecraft:coal_ore":23,"minecraft:dirt_path":14,"minecraft:dirt":163,"minecraft:stone":93,"minecraft:oak_leaves":5},"minecraft:custom":{"minecraft:interact_with_furnace":9,"minecraft:mob_kills":17,"minecraft:interact_with_crafting_table":11,"minecraft:open_barrel":1,"minecraft:damage_dealt_resisted":321,"minecraft:leave_game":1,"minecraft:time_since_death":58751,"minecraft:sleep_in_bed":1,"minecraft:time_since_rest":29868,"minecraft:sprint_one_cm":121265,"minecraft:damage_taken":580,"minecraft:walk_one_cm":231167,"minecraft:trigger_trapped_chest":1,"minecraft:drop":2,"minecraft:damage_dealt":1759,"minecraft:damage_dealt_absorbed":201,"minecraft:swim_one_cm":2145,"minecraft:fly_one_cm":79820,"minecraft:open_chest":5,"minecraft:crouch_one_cm":13106,"minecraft:play_time":58751,"minecraft:sneak_time":4599,"minecraft:walk_under_water_one_cm":1243,"minecraft:jump":751,"minecraft:walk_on_water_one_cm":9889,"minecraft:total_world_time":58751,"minecraft:fall_one_cm":13693},"minecraft:crafted":{"minecraft:cooked_beef":3,"minecraft:oak_planks":16,"minecraft:stone_shovel":1,"minecraft:cooked_porkchop":2,"minecraft:spruce_planks":4,"minecraft:wooden_pickaxe":1,"minecraft:furnace":2,"minecraft:birch_planks":8,"minecraft:stone_axe":1,"minecraft:bread":12,"minecraft:cooked_mutton":2,"minecraft:air":0,"minecraft:stick":16,"minecraft:stone_pickaxe":1,"minecraft:stone_sword":1,"minecraft:white_bed":1,"minecraft:torch":32,"minecraft:wheat":36},"minecraft:used":{"minecraft:stone_sword":71,"minecraft:stone_pickaxe":77,"minecraft:stone_shovel":348,"minecraft:oak_planks":77,"minecraft:wooden_pickaxe":43,"minecraft:spruce_sign":1,"minecraft:torch":16,"minecraft:dirt":418,"minecraft:crafting_table":2,"minecraft:white_bed":2,"minecraft:bread":13,"minecraft:rooted_dirt":2,"minecraft:lilac":1,"minecraft:stone_axe":83,"minecraft:cobblestone":10,"minecraft:furnace":3,"minecraft:egg":1,"minecraft:cooked_beef":1,"minecraft:coarse_dirt":3},"minecraft:broken":{"minecraft:stone_shovel":3},"minecraft:picked_up":{"minecraft:birch_log":2,"minecraft:crafting_table":2,"minecraft:coarse_dirt":3,"minecraft:feather":4,"minecraft:lilac":1,"minecraft:chicken":2,"minecraft:leather":3,"minecraft:birch_planks":3,"minecraft:oak_log":4,"minecraft:dirt":655,"minecraft:lantern":1,"minecraft:wheat_seeds":5,"minecraft:beef":13,"minecraft:oak_planks":61,"minecraft:egg":1,"minecraft:furnace":1,"minecraft:stick":2,"minecraft:torch":4,"minecraft:porkchop":7,"minecraft:white_bed":1,"minecraft:spruce_log":1,"minecraft:stone_shovel":2,"minecraft:hay_block":66,"minecraft:armadillo_scute":2,"minecraft:spruce_sign":2,"minecraft:rooted_dirt":2,"minecraft:oak_sapling":2,"minecraft:mutton":6,"minecraft:coal":23,"minecraft:snowball":34,"minecraft:white_wool":5,"minecraft:cobblestone":92,"minecraft:sunflower":2}},"DataVersion":4189}