{"stats":{"minecraft:killed":{"minecraft:spider":1,"minecraft:skeleton":4,"minecraft:chicken":2,"minecraft:silverfish":4,"minecraft:magma_cube":7,"minecraft:pig":3,"minecraft:creeper":1,"minecraft:sheep":3,"minecraft:pillager":4,"minecraft:zombie":11,"minecraft:cow":6,"minecraft:blaze":2,"minecraft:husk":6,"minecraft:enderman":1},"minecraft:broken":{"minecraft:iron_shovel":3,"minecraft:wooden_shovel":2,"minecraft:stone_pickaxe":16,"minecraft:stone_axe":6,"minecraft:stone_shovel":3,"minecraft:iron_axe":1,"minecraft:iron_pickaxe":10},"minecraft:custom":{"minecraft:interact_with_crafting_table":72,"minecraft:open_barrel":72,"minecraft:leave_game":8,"minecraft:time_since_death":30203,"minecraft:sprint_one_cm":1547577,"minecraft:drop":93,"minecraft:talked_to_villager":2,"minecraft:play_time":701791,"minecraft:deaths":9,"minecraft:jump":6498,"minecraft:walk_on_water_one_cm":70771,"minecraft:interact_with_furnace":107,"minecraft:sleep_in_bed":40,"minecraft:damage_dealt":9646,"minecraft:crouch_one_cm":150123,"minecraft:mob_kills":58,"minecraft:damage_dealt_resisted":6559,"minecraft:climb_one_cm":8491,"minecraft:walk_one_cm":2791528,"minecraft:damage_dealt_absorbed":3539,"minecraft:sneak_time":33907,"minecraft:walk_under_water_one_cm":8618,"minecraft:interact_with_lectern":1,"minecraft:interact_with_blast_furnace":4,"minecraft:total_world_time":701791,"minecraft:interact_with_stonecutter":1,"minecraft:time_since_rest":16613,"minecraft:damage_absorbed":102,"minecraft:damage_taken":8523,"minecraft:trigger_trapped_chest":1,"minecraft:swim_one_cm":30941,"minecraft:fly_one_cm":1107655,"minecraft:open_chest":205,"minecraft:fall_one_cm":107166},"minecraft:crafted":{"minecraft:pale_oak_slab":42,"minecraft:oak_planks":368,"minecraft:barrel":6,"minecraft:pale_oak_fence":72,"minecraft:cobblestone_stairs":696,"minecraft:cooked_mutton":6,"minecraft:pale_oak_planks":1164,"minecraft:glass":655,"minecraft:iron_boots":1,"minecraft:chest":8,"minecraft:wooden_shovel":4,"minecraft:cooked_porkchop":6,"minecraft:crafting_table":4,"minecraft:spruce_planks":4,"minecraft:wooden_pickaxe":1,"minecraft:iron_helmet":1,"minecraft:birch_planks":8,"minecraft:dark_oak_slab":12,"minecraft:iron_chestplate":1,"minecraft:purple_dye":42,"minecraft:shield":1,"minecraft:stick":156,"minecraft:iron_ingot":48,"minecraft:iron_pickaxe":10,"minecraft:stone_sword":1,"minecraft:raw_iron":45,"minecraft:stone_shovel":1,"minecraft:iron_nugget":18,"minecraft:furnace":12,"minecraft:iron_axe":2,"minecraft:ladder":6,"minecraft:stone_pickaxe":16,"minecraft:dark_oak_planks":516,"minecraft:wheat":594,"minecraft:cooked_beef":3,"minecraft:pale_oak_door":3,"minecraft:red_dye":31,"minecraft:diamond_sword":1,"minecraft:purple_stained_glass":64,"minecraft:bucket":22,"minecraft:stone_axe":7,"minecraft:glowstone":14,"minecraft:bread":198,"minecraft:air":0,"minecraft:blue_dye":25,"minecraft:iron_shovel":4,"minecraft:iron_leggings":1,"minecraft:white_bed":1,"minecraft:torch":248},"minecraft:picked_up":{"minecraft:wheat":1,"minecraft:raw_copper":24,"minecraft:dead_tube_coral_block":1,"minecraft:string":1,"minecraft:deepslate_tiles":35,"minecraft:sea_pickle":2,"minecraft:cobbled_deepslate":188,"minecraft:spruce_planks":1,"minecraft:smooth_quartz":16,"minecraft:iron_pickaxe":1,"minecraft:coal_block":1,"minecraft:furnace":2,"minecraft:tipped_arrow":5,"minecraft:stick":146,"minecraft:torch":73,"minecraft:spruce_stairs":1,"minecraft:porkchop":7,"minecraft:pale_oak_sapling":38,"minecraft:stone_sword":1,"minecraft:rotten_flesh":23,"minecraft:armadillo_scute":4,"minecraft:obsidian":5,"minecraft:snowball":37,"minecraft:cobblestone":3213,"minecraft:birch_log":34,"minecraft:magma_block":6,"minecraft:feather":4,"minecraft:lilac":2,"minecraft:magma_cream":1,"minecraft:andesite":15,"minecraft:pale_oak_planks":357,"minecraft:potato":11,"minecraft:pale_oak_slab":40,"minecraft:flint":5,"minecraft:tuff":7,"minecraft:lapis_lazuli":23,"minecraft:dirt":1066,"minecraft:lantern":5,"minecraft:name_tag":1,"minecraft:glass":94,"minecraft:bone":21,"minecraft:bow":2,"minecraft:wheat_seeds":11,"minecraft:raw_gold":13,"minecraft:mossy_stone_bricks":2,"minecraft:pale_oak_log":355,"minecraft:glowstone_dust":88,"minecraft:moss_block":8,"minecraft:mossy_stone_brick_stairs":2,"minecraft:oak_planks":90,"minecraft:sand":846,"minecraft:dark_oak_log":167,"minecraft:diamond":30,"minecraft:crossbow":1,"minecraft:granite":31,"minecraft:spruce_sign":17,"minecraft:emerald":58,"minecraft:rooted_dirt":2,"minecraft:oak_sapling":179,"minecraft:netherrack":37,"minecraft:dark_oak_fence":2,"minecraft:diamond_pickaxe":1,"minecraft:charcoal":3,"minecraft:crafting_table":5,"minecraft:coarse_dirt":5,"minecraft:allium":1,"minecraft:chicken":2,"minecraft:gold_block":1,"gravestone:obituary":5,"minecraft:cornflower":25,"minecraft:moss_carpet":4,"minecraft:red_bed":5,"minecraft:stone_stairs":1,"minecraft:beef":13,"minecraft:poppy":31,"minecraft:birch_sapling":16,"minecraft:spruce_trapdoor":1,"minecraft:egg":3,"minecraft:dark_oak_sapling":10,"minecraft:raw_iron":71,"minecraft:redstone":3,"minecraft:iron_horse_armor":1,"minecraft:dark_oak_planks":58,"minecraft:arrow":6,"minecraft:stone_shovel":2,"minecraft:hay_block":70,"minecraft:gold_ingot":4,"minecraft:tuff_bricks":7,"minecraft:mutton":6,"minecraft:white_wool":5,"minecraft:rail":1,"minecraft:leather":3,"minecraft:birch_planks":3,"minecraft:pale_oak_fence":11,"minecraft:oak_log":600,"minecraft:chainmail_chestplate":1,"minecraft:golden_boots":1,"minecraft:cobbled_deepslate_stairs":1,"minecraft:cobblestone_stairs":11,"minecraft:apple":38,"minecraft:stone_bricks":2,"minecraft:iron_ingot":34,"minecraft:stone_pickaxe":1,"minecraft:soul_sand":5,"minecraft:iron_sword":2,"minecraft:pumpkin":40,"minecraft:raw_iron_block":5,"minecraft:gravel":56,"minecraft:spruce_log":1,"minecraft:white_bed":6,"minecraft:polished_tuff":1,"minecraft:mossy_stone_brick_slab":2,"minecraft:spider_eye":2,"minecraft:chainmail_leggings":1,"minecraft:coal":152,"minecraft:chiseled_tuff_bricks":1,"minecraft:sunflower":5},"minecraft:dropped":{"minecraft:iron_sword":1,"minecraft:moss_block":3,"minecraft:diamond":13,"minecraft:crafting_table":1,"minecraft:lantern":3,"minecraft:mossy_stone_brick_stairs":1,"minecraft:iron_horse_armor":1,"minecraft:emerald":53,"minecraft:dirt":134,"minecraft:dark_oak_fence":2,"minecraft:snowball":37,"gravestone:obituary":8,"minecraft:sunflower":3,"minecraft:dark_oak_planks":4,"minecraft:birch_log":32,"minecraft:pale_oak_planks":6,"minecraft:gold_ingot":4,"minecraft:bone":18,"minecraft:gravel":27,"minecraft:goat_horn":1,"minecraft:iron_nugget":6,"minecraft:cobbled_deepslate":10,"minecraft:birch_sapling":16,"minecraft:wheat":1,"minecraft:obsidian":5,"minecraft:rotten_flesh":13,"minecraft:pale_oak_fence":10,"minecraft:mossy_stone_brick_slab":1,"minecraft:chainmail_chestplate":1,"minecraft:arrow":1,"minecraft:glass":2,"minecraft:bread":18,"minecraft:golden_boots":1,"minecraft:wheat_seeds":7,"minecraft:golden_helmet":1,"minecraft:cobblestone":453,"minecraft:apple":15,"minecraft:granite":6,"minecraft:stick":9,"minecraft:lava_bucket":5,"minecraft:pumpkin":20,"minecraft:chainmail_leggings":2,"minecraft:moss_carpet":2,"minecraft:coarse_dirt":2,"minecraft:stone_sword":2,"minecraft:tuff":2,"minecraft:name_tag":1,"minecraft:purple_stained_glass":47,"minecraft:potato":11,"minecraft:mossy_stone_bricks":1,"minecraft:oak_sapling":91,"minecraft:stone_bricks":1,"minecraft:stone_pickaxe":1},"minecraft:used":{"minecraft:moss_block":5,"minecraft:iron_shovel":768,"minecraft:pale_oak_stairs":3,"minecraft:ladder":6,"minecraft:chest":8,"minecraft:shield":36,"minecraft:iron_sword":230,"minecraft:mossy_stone_brick_slab":1,"minecraft:allium":1,"minecraft:glass":558,"minecraft:lava_bucket":14,"minecraft:lantern":2,"minecraft:pale_oak_planks":1120,"minecraft:stone_bricks":1,"minecraft:magma_block":1,"minecraft:bow":23,"minecraft:furnace":13,"minecraft:oak_sapling":72,"minecraft:pale_oak_slab":82,"minecraft:egg":3,"minecraft:potato":1,"minecraft:dark_oak_sapling":10,"minecraft:mossy_stone_bricks":1,"minecraft:stone_pickaxe":2099,"minecraft:oak_planks":178,"minecraft:wooden_pickaxe":43,"minecraft:mossy_stone_brick_stairs":1,"minecraft:golden_apple":3,"minecraft:cobbled_deepslate_stairs":1,"minecraft:deepslate_tiles":130,"minecraft:bread":138,"minecraft:lilac":2,"minecraft:diamond_sword":139,"minecraft:coarse_dirt":3,"minecraft:stone_sword":94,"minecraft:stone_shovel":348,"minecraft:pale_oak_door":3,"minecraft:wooden_shovel":170,"minecraft:pale_oak_fence":73,"minecraft:netherrack":36,"minecraft:torch":323,"minecraft:dirt":1385,"minecraft:dark_oak_planks":407,"minecraft:pale_oak_sapling":38,"minecraft:iron_axe":308,"minecraft:rooted_dirt":2,"minecraft:smooth_quartz":1,"minecraft:barrel":6,"minecraft:goat_horn":4,"minecraft:cooked_beef":3,"minecraft:cobbled_deepslate":1,"minecraft:cooked_mutton":6,"minecraft:water_bucket":5,"minecraft:cobblestone_stairs":581,"minecraft:bundle":9,"minecraft:spruce_sign":1,"minecraft:crafting_table":7,"minecraft:red_bed":5,"minecraft:white_bed":5,"minecraft:oak_log":256,"minecraft:purple_stained_glass":17,"minecraft:diamond_pickaxe":12,"minecraft:apple":3,"minecraft:sunflower":2,"minecraft:iron_pickaxe":2701,"minecraft:stone_axe":1107,"minecraft:cobblestone":996,"minecraft:cooked_porkchop":6,"minecraft:bucket":42,"minecraft:splash_potion":1},"minecraft:mined":{"minecraft:dark_oak_planks":59,"minecraft:spruce_planks":2,"minecraft:white_bed":5,"minecraft:mossy_stone_brick_slab":1,"minecraft:pale_oak_fence":11,"minecraft:cobbled_deepslate_stairs":1,"minecraft:andesite_stairs":1,"minecraft:cobblestone_stairs":13,"minecraft:obsidian":5,"minecraft:spruce_trapdoor":1,"minecraft:granite":21,"minecraft:grass_block":323,"minecraft:dead_tube_coral_block":1,"minecraft:coal_block":1,"minecraft:chiseled_tuff_bricks":1,"minecraft:tuff_bricks":7,"minecraft:raw_iron_block":5,"minecraft:magma_block":6,"minecraft:glowstone":38,"minecraft:iron_ore":25,"minecraft:cobbled_deepslate":1,"minecraft:fire":14,"minecraft:polished_tuff":1,"minecraft:pumpkin":24,"minecraft:deepslate_lapis_ore":6,"minecraft:dirt_path":14,"minecraft:pale_oak_log":271,"minecraft:red_bed":5,"minecraft:soul_fire":33,"minecraft:torch":28,"minecraft:poppy":31,"minecraft:pale_oak_planks":104,"minecraft:spruce_wall_sign":1,"minecraft:glass":17,"minecraft:cobblestone":164,"minecraft:oak_planks":90,"minecraft:wall_torch":15,"minecraft:stone_stairs":1,"minecraft:birch_log":36,"minecraft:lilac":3,"minecraft:oak_log":611,"minecraft:dark_oak_sapling":2,"minecraft:smooth_quartz":16,"minecraft:sand":853,"minecraft:dirt":433,"minecraft:netherrack":33,"minecraft:oak_leaves":60,"minecraft:deepslate":194,"minecraft:deepslate_tiles":1,"minecraft:tuff":7,"minecraft:deepslate_diamond_ore":20,"minecraft:dark_oak_log":76,"gravestone:gravestone":9,"minecraft:dark_oak_fence":2,"minecraft:allium":1,"minecraft:moss_block":4,"minecraft:hay_block":70,"minecraft:furnace":3,"minecraft:snow":30,"minecraft:andesite":16,"minecraft:gold_block":1,"minecraft:mossy_stone_brick_stairs":1,"minecraft:deepslate_iron_ore":12,"minecraft:rail":1,"minecraft:stone":3813,"minecraft:pale_oak_slab":35,"minecraft:hanging_roots":1,"minecraft:snow_block":1,"minecraft:crafting_table":4,"minecraft:cornflower":25,"minecraft:short_grass":26,"minecraft:emerald_ore":5,"minecraft:copper_ore":4,"minecraft:tall_grass":8,"minecraft:deepslate_gold_ore":13,"minecraft:spruce_stairs":1,"minecraft:coarse_dirt":6,"minecraft:purple_stained_glass":28,"minecraft:white_carpet":1,"minecraft:spruce_log":1,"minecraft:coal_ore":141,"minecraft:sunflower":1,"minecraft:gravel":58,"minecraft:stone_bricks":1,"minecraft:mossy_stone_bricks":1},"minecraft:killed_by":{"minecraft:creeper":2,"minecraft:vindicator":2,"minecraft:zombie":3,"minecraft:player":1}},"DataVersion":4189}