{"stats":{"minecraft:crafted":{"minecraft:pale_oak_slab":42,"minecraft:oak_planks":108,"minecraft:stone_shovel":1,"minecraft:furnace":3,"minecraft:cobblestone_stairs":696,"minecraft:cooked_mutton":6,"minecraft:pale_oak_planks":516,"minecraft:stone_pickaxe":16,"minecraft:chest":8,"minecraft:dark_oak_planks":364,"minecraft:wheat":594,"minecraft:cooked_beef":3,"minecraft:pale_oak_door":3,"minecraft:cooked_porkchop":6,"minecraft:crafting_table":2,"minecraft:spruce_planks":4,"minecraft:wooden_pickaxe":1,"minecraft:iron_helmet":1,"minecraft:bucket":1,"minecraft:birch_planks":8,"minecraft:stone_axe":7,"minecraft:air":0,"minecraft:bread":198,"minecraft:shield":1,"minecraft:stick":44,"minecraft:iron_ingot":11,"minecraft:stone_sword":1,"minecraft:white_bed":1,"minecraft:torch":124},"minecraft:killed_by":{"minecraft:player":1,"minecraft:creeper":1,"minecraft:vindicator":2,"minecraft:zombie":1},"minecraft:dropped":{"minecraft:wheat_seeds":4,"minecraft:crafting_table":1,"minecraft:stick":4,"minecraft:dirt":6,"minecraft:snowball":34,"gravestone:obituary":4,"minecraft:sunflower":2,"minecraft:chainmail_leggings":1,"minecraft:gravel":19,"minecraft:coarse_dirt":2,"minecraft:stone_sword":2,"minecraft:rotten_flesh":2,"minecraft:oak_sapling":46,"minecraft:stone_pickaxe":1},"minecraft:killed":{"minecraft:spider":1,"minecraft:skeleton":1,"minecraft:chicken":2,"minecraft:silverfish":2,"minecraft:pig":3,"minecraft:sheep":3,"minecraft:zombie":5,"minecraft:cow":6},"minecraft:broken":{"minecraft:stone_pickaxe":15,"minecraft:stone_axe":6,"minecraft:stone_shovel":3},"minecraft:picked_up":{"minecraft:crafting_table":5,"minecraft:coarse_dirt":5,"minecraft:wheat":1,"minecraft:allium":1,"minecraft:chicken":2,"minecraft:dead_tube_coral_block":1,"minecraft:string":1,"minecraft:red_bed":3,"minecraft:stone_stairs":1,"minecraft:cobbled_deepslate":1,"minecraft:spruce_planks":1,"minecraft:beef":13,"minecraft:coal_block":1,"minecraft:spruce_trapdoor":1,"minecraft:egg":3,"minecraft:furnace":1,"minecraft:tipped_arrow":5,"minecraft:dark_oak_sapling":4,"minecraft:stick":87,"minecraft:raw_iron":23,"minecraft:torch":29,"minecraft:spruce_stairs":1,"minecraft:porkchop":7,"minecraft:pale_oak_sapling":10,"minecraft:dark_oak_planks":54,"minecraft:rotten_flesh":4,"minecraft:stone_sword":1,"minecraft:arrow":2,"minecraft:stone_shovel":2,"minecraft:hay_block":66,"minecraft:armadillo_scute":3,"minecraft:mutton":6,"minecraft:cobblestone":1776,"minecraft:rail":1,"minecraft:snowball":34,"minecraft:white_wool":5,"minecraft:birch_log":2,"minecraft:feather":4,"minecraft:lilac":2,"minecraft:leather":3,"minecraft:pale_oak_planks":63,"minecraft:pale_oak_slab":40,"minecraft:birch_planks":3,"minecraft:flint":2,"minecraft:oak_log":456,"minecraft:chainmail_chestplate":1,"minecraft:golden_boots":1,"minecraft:cobbled_deepslate_stairs":1,"minecraft:cobblestone_stairs":11,"minecraft:dirt":821,"minecraft:lantern":4,"minecraft:glass":92,"minecraft:bone":2,"minecraft:apple":14,"minecraft:bow":1,"minecraft:wheat_seeds":8,"minecraft:stone_pickaxe":1,"minecraft:pale_oak_log":129,"minecraft:iron_sword":1,"minecraft:oak_planks":61,"minecraft:soul_sand":5,"minecraft:pumpkin":20,"minecraft:raw_iron_block":5,"minecraft:gravel":19,"minecraft:white_bed":4,"minecraft:spruce_log":1,"minecraft:dark_oak_log":129,"minecraft:spider_eye":2,"minecraft:chainmail_leggings":1,"minecraft:granite":6,"minecraft:spruce_sign":17,"minecraft:rooted_dirt":2,"minecraft:oak_sapling":134,"minecraft:coal":98,"minecraft:sunflower":4},"minecraft:mined":{"minecraft:dark_oak_planks":55,"minecraft:spruce_planks":2,"minecraft:white_bed":3,"minecraft:cobbled_deepslate_stairs":1,"minecraft:andesite_stairs":1,"minecraft:cobblestone_stairs":13,"minecraft:dark_oak_log":38,"gravestone:gravestone":5,"minecraft:spruce_trapdoor":1,"minecraft:allium":1,"minecraft:grass_block":258,"minecraft:dead_tube_coral_block":1,"minecraft:coal_block":1,"minecraft:hay_block":66,"minecraft:raw_iron_block":5,"minecraft:furnace":1,"minecraft:iron_ore":23,"minecraft:cobbled_deepslate":1,"minecraft:snow":27,"minecraft:andesite":1,"minecraft:pumpkin":21,"minecraft:dirt_path":14,"minecraft:rail":1,"minecraft:pale_oak_log":45,"minecraft:stone":1682,"minecraft:pale_oak_slab":35,"minecraft:red_bed":3,"minecraft:snow_block":1,"minecraft:crafting_table":4,"minecraft:torch":21,"minecraft:short_grass":17,"minecraft:pale_oak_planks":68,"minecraft:spruce_wall_sign":1,"minecraft:glass":1,"minecraft:tall_grass":6,"minecraft:cobblestone":139,"minecraft:oak_planks":61,"minecraft:wall_torch":8,"minecraft:spruce_stairs":1,"minecraft:stone_stairs":1,"minecraft:coarse_dirt":6,"minecraft:birch_log":2,"minecraft:lilac":3,"minecraft:spruce_log":1,"minecraft:oak_log":466,"minecraft:coal_ore":97,"minecraft:gravel":18,"minecraft:dirt":287,"minecraft:oak_leaves":54},"minecraft:custom":{"minecraft:mob_kills":23,"minecraft:interact_with_crafting_table":41,"minecraft:open_barrel":33,"minecraft:damage_dealt_resisted":1784,"minecraft:leave_game":5,"minecraft:time_since_death":9232,"minecraft:climb_one_cm":2154,"minecraft:sprint_one_cm":670694,"minecraft:walk_one_cm":1220177,"minecraft:drop":22,"minecraft:damage_dealt_absorbed":1119,"minecraft:talked_to_villager":2,"minecraft:play_time":304926,"minecraft:sneak_time":24904,"minecraft:deaths":5,"minecraft:walk_under_water_one_cm":2603,"minecraft:jump":3110,"minecraft:walk_on_water_one_cm":39518,"minecraft:total_world_time":304926,"minecraft:interact_with_furnace":22,"minecraft:sleep_in_bed":19,"minecraft:time_since_rest":8055,"minecraft:damage_taken":4228,"minecraft:trigger_trapped_chest":1,"minecraft:damage_dealt":3265,"minecraft:swim_one_cm":15045,"minecraft:fly_one_cm":515047,"minecraft:open_chest":81,"minecraft:crouch_one_cm":115501,"minecraft:fall_one_cm":56648},"minecraft:used":{"minecraft:stone_sword":94,"minecraft:stone_shovel":348,"minecraft:pale_oak_stairs":3,"minecraft:chest":8,"minecraft:shield":1,"minecraft:iron_sword":44,"minecraft:pale_oak_door":3,"minecraft:torch":149,"minecraft:dirt":648,"minecraft:allium":1,"minecraft:dark_oak_planks":369,"minecraft:glass":79,"minecraft:pale_oak_sapling":10,"minecraft:lava_bucket":1,"minecraft:lantern":1,"minecraft:rooted_dirt":2,"minecraft:pale_oak_planks":488,"minecraft:bow":5,"minecraft:oak_sapling":72,"minecraft:furnace":4,"minecraft:pale_oak_slab":62,"minecraft:egg":3,"minecraft:cooked_beef":3,"minecraft:cobbled_deepslate":1,"minecraft:dark_oak_sapling":4,"minecraft:cooked_mutton":6,"minecraft:water_bucket":2,"minecraft:cobblestone_stairs":581,"minecraft:oak_planks":77,"minecraft:stone_pickaxe":2010,"minecraft:wooden_pickaxe":43,"minecraft:spruce_sign":1,"minecraft:crafting_table":5,"minecraft:red_bed":2,"minecraft:white_bed":4,"minecraft:cobbled_deepslate_stairs":1,"minecraft:oak_log":239,"minecraft:apple":3,"minecraft:sunflower":2,"minecraft:bread":52,"minecraft:lilac":2,"minecraft:stone_axe":886,"minecraft:cobblestone":608,"minecraft:cooked_porkchop":6,"minecraft:bucket":4,"minecraft:coarse_dirt":3}},"DataVersion":4189}