{"stats":{"minecraft:crafted":{"minecraft:cooked_beef":3,"minecraft:oak_planks":104,"minecraft:stone_shovel":1,"minecraft:cooked_porkchop":6,"minecraft:crafting_table":1,"minecraft:spruce_planks":4,"minecraft:wooden_pickaxe":1,"minecraft:furnace":2,"minecraft:bucket":1,"minecraft:birch_planks":8,"minecraft:stone_axe":7,"minecraft:bread":198,"minecraft:cooked_mutton":6,"minecraft:air":0,"minecraft:pale_oak_planks":516,"minecraft:shield":1,"minecraft:stick":44,"minecraft:iron_ingot":8,"minecraft:stone_pickaxe":16,"minecraft:stone_sword":1,"minecraft:chest":8,"minecraft:white_bed":1,"minecraft:dark_oak_planks":364,"minecraft:torch":80,"minecraft:wheat":594},"minecraft:killed_by":{"minecraft:creeper":1,"minecraft:zombie":1},"minecraft:dropped":{"minecraft:gravel":19,"minecraft:wheat_seeds":4,"minecraft:stone_sword":2,"minecraft:coarse_dirt":2,"minecraft:crafting_table":1,"minecraft:rotten_flesh":2,"minecraft:stick":4,"minecraft:dirt":6,"minecraft:oak_sapling":46,"minecraft:snowball":34,"gravestone:obituary":2,"minecraft:sunflower":2,"minecraft:stone_pickaxe":1},"minecraft:killed":{"minecraft:pig":3,"minecraft:sheep":3,"minecraft:zombie":4,"minecraft:chicken":2,"minecraft:silverfish":2,"minecraft:cow":6},"minecraft:picked_up":{"minecraft:birch_log":2,"minecraft:crafting_table":4,"minecraft:coarse_dirt":5,"minecraft:allium":1,"minecraft:feather":4,"minecraft:lilac":2,"minecraft:chicken":2,"minecraft:leather":3,"minecraft:pale_oak_planks":51,"minecraft:birch_planks":3,"minecraft:flint":2,"minecraft:oak_log":454,"minecraft:dirt":758,"minecraft:lantern":1,"minecraft:apple":14,"minecraft:wheat_seeds":5,"minecraft:beef":13,"minecraft:stone_pickaxe":1,"minecraft:pale_oak_log":129,"minecraft:iron_sword":1,"minecraft:oak_planks":61,"minecraft:egg":1,"minecraft:furnace":1,"minecraft:dark_oak_sapling":4,"minecraft:stick":87,"minecraft:raw_iron":4,"minecraft:torch":28,"minecraft:gravel":19,"minecraft:porkchop":7,"minecraft:pale_oak_sapling":10,"minecraft:white_bed":2,"minecraft:spruce_log":1,"minecraft:dark_oak_log":129,"minecraft:dark_oak_planks":14,"minecraft:stone_sword":1,"minecraft:stone_shovel":2,"minecraft:rotten_flesh":2,"minecraft:hay_block":66,"minecraft:armadillo_scute":2,"minecraft:spruce_sign":2,"minecraft:rooted_dirt":2,"minecraft:oak_sapling":134,"minecraft:mutton":6,"minecraft:coal":83,"minecraft:snowball":34,"minecraft:white_wool":5,"minecraft:cobblestone":1754,"minecraft:sunflower":4},"minecraft:broken":{"minecraft:stone_pickaxe":14,"minecraft:stone_axe":5,"minecraft:stone_shovel":3},"minecraft:mined":{"minecraft:white_bed":1,"minecraft:snow_block":1,"minecraft:dark_oak_log":38,"minecraft:crafting_table":3,"minecraft:torch":21,"gravestone:gravestone":2,"minecraft:short_grass":14,"minecraft:allium":1,"minecraft:grass_block":255,"minecraft:pale_oak_planks":56,"minecraft:cobblestone":122,"minecraft:tall_grass":5,"minecraft:oak_planks":61,"minecraft:wall_torch":6,"minecraft:hay_block":66,"minecraft:coarse_dirt":6,"minecraft:furnace":1,"minecraft:birch_log":2,"minecraft:iron_ore":4,"minecraft:snow":27,"minecraft:lilac":3,"minecraft:spruce_log":1,"minecraft:oak_log":464,"minecraft:coal_ore":82,"minecraft:dirt_path":14,"minecraft:gravel":18,"minecraft:dirt":217,"minecraft:pale_oak_log":45,"minecraft:stone":1653,"minecraft:dark_oak_planks":15,"minecraft:oak_leaves":54},"minecraft:custom":{"minecraft:interact_with_furnace":19,"minecraft:mob_kills":20,"minecraft:interact_with_crafting_table":30,"minecraft:open_barrel":12,"minecraft:damage_dealt_resisted":1017,"minecraft:leave_game":2,"minecraft:time_since_death":142554,"minecraft:sleep_in_bed":10,"minecraft:time_since_rest":11744,"minecraft:sprint_one_cm":487966,"minecraft:damage_taken":2262,"minecraft:walk_one_cm":852615,"minecraft:trigger_trapped_chest":1,"minecraft:drop":19,"minecraft:damage_dealt":2321,"minecraft:damage_dealt_absorbed":614,"minecraft:swim_one_cm":2145,"minecraft:fly_one_cm":364847,"minecraft:open_chest":39,"minecraft:crouch_one_cm":55049,"minecraft:play_time":211056,"minecraft:sneak_time":13892,"minecraft:deaths":2,"minecraft:walk_under_water_one_cm":1572,"minecraft:jump":2269,"minecraft:walk_on_water_one_cm":24917,"minecraft:total_world_time":211056,"minecraft:fall_one_cm":31182},"minecraft:used":{"minecraft:cooked_mutton":6,"minecraft:stone_sword":94,"minecraft:stone_pickaxe":1896,"minecraft:stone_shovel":348,"minecraft:oak_planks":77,"minecraft:chest":8,"minecraft:wooden_pickaxe":43,"minecraft:iron_sword":13,"minecraft:spruce_sign":1,"minecraft:torch":101,"minecraft:dirt":580,"minecraft:crafting_table":3,"minecraft:allium":1,"minecraft:white_bed":3,"minecraft:pale_oak_sapling":10,"minecraft:oak_log":149,"minecraft:dark_oak_planks":332,"minecraft:lava_bucket":1,"minecraft:apple":3,"minecraft:pale_oak_planks":488,"minecraft:lantern":1,"minecraft:sunflower":2,"minecraft:rooted_dirt":2,"minecraft:bread":23,"minecraft:lilac":2,"minecraft:stone_axe":753,"minecraft:cobblestone":168,"minecraft:oak_sapling":72,"minecraft:furnace":3,"minecraft:cooked_porkchop":6,"minecraft:bucket":1,"minecraft:egg":1,"minecraft:dark_oak_sapling":4,"minecraft:cooked_beef":3,"minecraft:coarse_dirt":3}},"DataVersion":4189}