{"stats":{"minecraft:picked_up":{"minecraft:charcoal":3,"minecraft:crafting_table":5,"minecraft:coarse_dirt":5,"minecraft:allium":1,"minecraft:wheat":1,"minecraft:chicken":2,"gravestone:obituary":2,"minecraft:cornflower":8,"minecraft:stone_stairs":1,"minecraft:red_bed":5,"minecraft:string":1,"minecraft:dead_tube_coral_block":1,"minecraft:moss_carpet":4,"minecraft:cobbled_deepslate":93,"minecraft:spruce_planks":1,"minecraft:beef":13,"minecraft:poppy":11,"minecraft:coal_block":1,"minecraft:spruce_trapdoor":1,"minecraft:furnace":2,"minecraft:egg":3,"minecraft:tipped_arrow":5,"minecraft:dark_oak_sapling":4,"minecraft:stick":100,"minecraft:raw_iron":69,"minecraft:torch":42,"minecraft:spruce_stairs":1,"minecraft:porkchop":7,"minecraft:pale_oak_sapling":38,"minecraft:redstone":1,"minecraft:dark_oak_planks":58,"minecraft:stone_sword":1,"minecraft:stone_shovel":2,"minecraft:arrow":6,"minecraft:rotten_flesh":23,"minecraft:hay_block":66,"minecraft:armadillo_scute":4,"minecraft:tuff_bricks":7,"minecraft:obsidian":5,"minecraft:mutton":6,"minecraft:snowball":34,"minecraft:rail":1,"minecraft:white_wool":5,"minecraft:cobblestone":2375,"minecraft:birch_log":2,"minecraft:feather":4,"minecraft:lilac":2,"minecraft:magma_cream":1,"minecraft:leather":3,"minecraft:pale_oak_planks":100,"minecraft:pale_oak_fence":11,"minecraft:birch_planks":3,"minecraft:pale_oak_slab":40,"minecraft:flint":5,"minecraft:tuff":2,"minecraft:oak_log":472,"minecraft:chainmail_chestplate":1,"minecraft:golden_boots":1,"minecraft:cobbled_deepslate_stairs":1,"minecraft:cobblestone_stairs":11,"minecraft:lapis_lazuli":23,"minecraft:dirt":975,"minecraft:lantern":4,"minecraft:glass":94,"minecraft:bone":3,"minecraft:apple":14,"minecraft:stone_bricks":2,"minecraft:bow":2,"minecraft:wheat_seeds":11,"minecraft:raw_gold":13,"minecraft:iron_ingot":34,"minecraft:stone_pickaxe":1,"minecraft:mossy_stone_bricks":2,"minecraft:pale_oak_log":355,"minecraft:moss_block":8,"minecraft:iron_sword":2,"minecraft:oak_planks":90,"minecraft:mossy_stone_brick_stairs":2,"minecraft:soul_sand":5,"minecraft:pumpkin":20,"minecraft:raw_iron_block":5,"minecraft:gravel":27,"minecraft:sand":514,"minecraft:white_bed":6,"minecraft:spruce_log":1,"minecraft:mossy_stone_brick_slab":2,"minecraft:dark_oak_log":129,"minecraft:spider_eye":2,"minecraft:polished_tuff":1,"minecraft:diamond":7,"minecraft:chainmail_leggings":1,"minecraft:granite":6,"minecraft:spruce_sign":17,"minecraft:emerald":4,"minecraft:rooted_dirt":2,"minecraft:oak_sapling":134,"minecraft:coal":150,"minecraft:chiseled_tuff_bricks":1,"minecraft:sunflower":4,"minecraft:diamond_pickaxe":1},"minecraft:used":{"minecraft:moss_block":5,"minecraft:stone_sword":94,"minecraft:iron_shovel":518,"minecraft:pale_oak_stairs":3,"minecraft:stone_shovel":348,"minecraft:ladder":6,"minecraft:chest":8,"minecraft:shield":12,"minecraft:iron_sword":230,"minecraft:pale_oak_fence":73,"minecraft:pale_oak_door":3,"minecraft:mossy_stone_brick_slab":1,"minecraft:torch":276,"minecraft:dirt":673,"minecraft:allium":1,"minecraft:dark_oak_planks":369,"minecraft:glass":558,"minecraft:pale_oak_sapling":38,"minecraft:lava_bucket":14,"minecraft:lantern":1,"minecraft:iron_axe":308,"minecraft:rooted_dirt":2,"minecraft:pale_oak_planks":1096,"minecraft:stone_bricks":1,"minecraft:bow":23,"minecraft:oak_sapling":72,"minecraft:goat_horn":4,"minecraft:furnace":8,"minecraft:egg":3,"minecraft:pale_oak_slab":82,"minecraft:potato":1,"minecraft:cooked_beef":3,"minecraft:cobbled_deepslate":1,"minecraft:dark_oak_sapling":4,"minecraft:cooked_mutton":6,"minecraft:water_bucket":3,"minecraft:mossy_stone_bricks":1,"minecraft:cobblestone_stairs":581,"minecraft:oak_planks":178,"minecraft:stone_pickaxe":2099,"minecraft:wooden_pickaxe":43,"minecraft:mossy_stone_brick_stairs":1,"minecraft:spruce_sign":1,"minecraft:crafting_table":6,"minecraft:red_bed":5,"minecraft:white_bed":5,"minecraft:cobbled_deepslate_stairs":1,"minecraft:purple_stained_glass":17,"minecraft:oak_log":239,"minecraft:diamond_pickaxe":8,"minecraft:apple":3,"minecraft:sunflower":2,"minecraft:bread":101,"minecraft:iron_pickaxe":1523,"minecraft:lilac":2,"minecraft:stone_axe":886,"minecraft:cobblestone":737,"minecraft:cooked_porkchop":6,"minecraft:bucket":21,"minecraft:coarse_dirt":3,"minecraft:splash_potion":1},"minecraft:crafted":{"minecraft:oak_planks":360,"minecraft:pale_oak_slab":42,"minecraft:raw_iron":45,"minecraft:stone_shovel":1,"minecraft:iron_nugget":18,"minecraft:pale_oak_fence":72,"minecraft:furnace":7,"minecraft:cobblestone_stairs":696,"minecraft:cooked_mutton":6,"minecraft:pale_oak_planks":1164,"minecraft:glass":498,"minecraft:iron_boots":1,"minecraft:iron_axe":2,"minecraft:ladder":6,"minecraft:stone_pickaxe":16,"minecraft:chest":8,"minecraft:dark_oak_planks":364,"minecraft:red_dye":11,"minecraft:wheat":594,"minecraft:cooked_beef":3,"minecraft:pale_oak_door":3,"minecraft:purple_stained_glass":64,"minecraft:cooked_porkchop":6,"minecraft:crafting_table":3,"minecraft:spruce_planks":4,"minecraft:wooden_pickaxe":1,"minecraft:iron_helmet":1,"minecraft:bucket":22,"minecraft:birch_planks":8,"minecraft:stone_axe":7,"minecraft:bread":198,"minecraft:air":0,"minecraft:blue_dye":8,"minecraft:iron_chestplate":1,"minecraft:purple_dye":8,"minecraft:shield":1,"minecraft:stick":108,"minecraft:iron_ingot":48,"minecraft:iron_pickaxe":7,"minecraft:stone_sword":1,"minecraft:iron_shovel":4,"minecraft:iron_leggings":1,"minecraft:white_bed":1,"minecraft:torch":244},"minecraft:killed_by":{"minecraft:player":1,"minecraft:creeper":1,"minecraft:vindicator":2,"minecraft:zombie":2},"minecraft:mined":{"minecraft:dark_oak_planks":59,"minecraft:tuff":2,"minecraft:spruce_planks":2,"minecraft:white_bed":5,"minecraft:pale_oak_fence":11,"minecraft:deepslate_diamond_ore":10,"minecraft:cobbled_deepslate_stairs":1,"minecraft:mossy_stone_brick_slab":1,"minecraft:andesite_stairs":1,"minecraft:cobblestone_stairs":13,"minecraft:dark_oak_log":38,"minecraft:obsidian":5,"minecraft:spruce_trapdoor":1,"gravestone:gravestone":7,"minecraft:allium":1,"minecraft:grass_block":274,"minecraft:dead_tube_coral_block":1,"minecraft:coal_block":1,"minecraft:chiseled_tuff_bricks":1,"minecraft:moss_block":4,"minecraft:tuff_bricks":7,"minecraft:hay_block":66,"minecraft:raw_iron_block":5,"minecraft:furnace":3,"minecraft:fire":1,"minecraft:iron_ore":23,"minecraft:cobbled_deepslate":1,"minecraft:snow":27,"minecraft:polished_tuff":1,"minecraft:andesite":1,"minecraft:pumpkin":21,"minecraft:deepslate_lapis_ore":3,"minecraft:mossy_stone_brick_stairs":1,"minecraft:dirt_path":14,"minecraft:deepslate_iron_ore":11,"minecraft:rail":1,"minecraft:pale_oak_log":271,"minecraft:stone":3011,"minecraft:pale_oak_slab":35,"minecraft:red_bed":5,"minecraft:hanging_roots":1,"minecraft:snow_block":1,"minecraft:soul_fire":10,"minecraft:cornflower":8,"minecraft:crafting_table":4,"minecraft:torch":22,"minecraft:short_grass":17,"minecraft:emerald_ore":4,"minecraft:poppy":11,"minecraft:pale_oak_planks":103,"minecraft:spruce_wall_sign":1,"minecraft:tall_grass":7,"minecraft:glass":17,"minecraft:cobblestone":148,"minecraft:deepslate_gold_ore":13,"minecraft:oak_planks":90,"minecraft:wall_torch":15,"minecraft:spruce_stairs":1,"minecraft:stone_stairs":1,"minecraft:coarse_dirt":6,"minecraft:birch_log":2,"minecraft:purple_stained_glass":2,"minecraft:lilac":3,"minecraft:white_carpet":1,"minecraft:spruce_log":1,"minecraft:oak_log":482,"minecraft:coal_ore":139,"minecraft:gravel":29,"minecraft:sand":518,"minecraft:dirt":385,"minecraft:stone_bricks":1,"minecraft:mossy_stone_bricks":1,"minecraft:oak_leaves":54,"minecraft:deepslate":74},"minecraft:killed":{"minecraft:spider":1,"minecraft:skeleton":4,"minecraft:chicken":2,"minecraft:silverfish":2,"minecraft:magma_cube":7,"minecraft:husk":6,"minecraft:pig":3,"minecraft:sheep":3,"minecraft:zombie":9,"minecraft:blaze":1,"minecraft:enderman":1,"minecraft:cow":6},"minecraft:custom":{"minecraft:mob_kills":46,"minecraft:interact_with_crafting_table":65,"minecraft:open_barrel":51,"minecraft:damage_dealt_resisted":5451,"minecraft:leave_game":7,"minecraft:time_since_death":116498,"minecraft:climb_one_cm":6611,"minecraft:sprint_one_cm":1195367,"minecraft:walk_one_cm":2198328,"minecraft:drop":67,"minecraft:damage_dealt_absorbed":2899,"minecraft:talked_to_villager":2,"minecraft:play_time":551801,"minecraft:sneak_time":31932,"minecraft:deaths":7,"minecraft:walk_under_water_one_cm":3746,"minecraft:interact_with_lectern":1,"minecraft:jump":4873,"minecraft:interact_with_blast_furnace":2,"minecraft:walk_on_water_one_cm":59304,"minecraft:total_world_time":551801,"minecraft:interact_with_furnace":88,"minecraft:sleep_in_bed":31,"minecraft:time_since_rest":16348,"minecraft:damage_taken":6297,"minecraft:trigger_trapped_chest":1,"minecraft:damage_dealt":7098,"minecraft:swim_one_cm":23278,"minecraft:fly_one_cm":825592,"minecraft:open_chest":131,"minecraft:crouch_one_cm":142247,"minecraft:fall_one_cm":81072},"minecraft:dropped":{"minecraft:golden_boots":1,"minecraft:iron_sword":1,"minecraft:moss_block":3,"minecraft:wheat_seeds":7,"minecraft:crafting_table":1,"minecraft:cobblestone":453,"minecraft:lantern":3,"minecraft:granite":6,"minecraft:mossy_stone_brick_stairs":1,"minecraft:stick":4,"minecraft:dirt":134,"minecraft:snowball":34,"gravestone:obituary":8,"minecraft:sunflower":2,"minecraft:chainmail_leggings":2,"minecraft:dark_oak_planks":4,"minecraft:pale_oak_planks":6,"minecraft:gravel":27,"minecraft:moss_carpet":2,"minecraft:goat_horn":1,"minecraft:iron_nugget":6,"minecraft:coarse_dirt":2,"minecraft:stone_sword":2,"minecraft:cobbled_deepslate":10,"minecraft:tuff":2,"minecraft:wheat":1,"minecraft:obsidian":5,"minecraft:rotten_flesh":13,"minecraft:pale_oak_fence":10,"minecraft:mossy_stone_brick_slab":1,"minecraft:chainmail_chestplate":1,"minecraft:mossy_stone_bricks":1,"minecraft:oak_sapling":46,"minecraft:stone_bricks":1,"minecraft:arrow":1,"minecraft:glass":2,"minecraft:stone_pickaxe":1},"minecraft:broken":{"minecraft:iron_shovel":2,"minecraft:stone_pickaxe":16,"minecraft:iron_axe":1,"minecraft:stone_axe":6,"minecraft:iron_pickaxe":6,"minecraft:stone_shovel":3}},"DataVersion":4189}