{"stats":{"minecraft:killed":{"minecraft:pig":3,"minecraft:sheep":3,"minecraft:zombie":1,"minecraft:chicken":2,"minecraft:silverfish":2,"minecraft:cow":6},"minecraft:dropped":{"minecraft:wheat_seeds":4},"minecraft:mined":{"minecraft:white_bed":1,"minecraft:crafting_table":2,"minecraft:torch":2,"minecraft:short_grass":6,"minecraft:grass_block":2,"minecraft:tall_grass":5,"minecraft:oak_planks":14,"minecraft:wall_torch":1,"minecraft:hay_block":66,"minecraft:coarse_dirt":4,"minecraft:furnace":1,"minecraft:birch_log":2,"minecraft:lilac":1,"minecraft:spruce_log":1,"minecraft:oak_log":4,"minecraft:coal_ore":23,"minecraft:dirt_path":6,"minecraft:dirt":2,"minecraft:stone":46,"minecraft:oak_leaves":5},"minecraft:custom":{"minecraft:interact_with_furnace":6,"minecraft:mob_kills":17,"minecraft:interact_with_crafting_table":7,"minecraft:open_barrel":1,"minecraft:damage_dealt_resisted":321,"minecraft:time_since_death":30000,"minecraft:sleep_in_bed":1,"minecraft:time_since_rest":1117,"minecraft:sprint_one_cm":101057,"minecraft:damage_taken":510,"minecraft:walk_one_cm":131413,"minecraft:trigger_trapped_chest":1,"minecraft:drop":2,"minecraft:damage_dealt":1759,"minecraft:damage_dealt_absorbed":201,"minecraft:swim_one_cm":2145,"minecraft:fly_one_cm":74011,"minecraft:open_chest":4,"minecraft:play_time":30000,"minecraft:sneak_time":33,"minecraft:walk_under_water_one_cm":1200,"minecraft:jump":481,"minecraft:walk_on_water_one_cm":3553,"minecraft:total_world_time":30000,"minecraft:fall_one_cm":10744},"minecraft:crafted":{"minecraft:cooked_porkchop":2,"minecraft:spruce_planks":4,"minecraft:wooden_pickaxe":1,"minecraft:furnace":1,"minecraft:birch_planks":8,"minecraft:stone_axe":1,"minecraft:bread":12,"minecraft:cooked_mutton":2,"minecraft:air":0,"minecraft:stick":8,"minecraft:stone_pickaxe":1,"minecraft:stone_sword":1,"minecraft:white_bed":1,"minecraft:torch":4,"minecraft:wheat":36},"minecraft:used":{"minecraft:stone_sword":71,"minecraft:stone_pickaxe":29,"minecraft:wooden_pickaxe":43,"minecraft:spruce_sign":1,"minecraft:torch":5,"minecraft:dirt":6,"minecraft:crafting_table":1,"minecraft:white_bed":2,"minecraft:bread":12,"minecraft:rooted_dirt":2,"minecraft:lilac":1,"minecraft:stone_axe":24,"minecraft:cobblestone":10,"minecraft:furnace":1,"minecraft:egg":1,"minecraft:coarse_dirt":3},"minecraft:picked_up":{"minecraft:birch_log":2,"minecraft:crafting_table":2,"minecraft:coarse_dirt":3,"minecraft:feather":4,"minecraft:lilac":1,"minecraft:chicken":2,"minecraft:leather":3,"minecraft:oak_log":4,"minecraft:dirt":41,"minecraft:lantern":1,"minecraft:wheat_seeds":4,"minecraft:beef":13,"minecraft:oak_planks":9,"minecraft:furnace":1,"minecraft:egg":1,"minecraft:stick":2,"minecraft:torch":3,"minecraft:porkchop":7,"minecraft:white_bed":1,"minecraft:spruce_log":1,"minecraft:hay_block":66,"minecraft:spruce_sign":2,"minecraft:rooted_dirt":2,"minecraft:oak_sapling":2,"minecraft:mutton":6,"minecraft:coal":23,"minecraft:cobblestone":46,"minecraft:white_wool":5}},"DataVersion":4189}