{"stats":{"minecraft:used":{"minecraft:moss_block":5,"minecraft:iron_shovel":768,"minecraft:pale_oak_stairs":3,"minecraft:ladder":6,"minecraft:chest":8,"minecraft:shield":41,"minecraft:iron_sword":230,"minecraft:mossy_stone_brick_slab":1,"minecraft:carrot":4,"minecraft:allium":1,"minecraft:tuff":1,"minecraft:glass":558,"minecraft:lava_bucket":14,"minecraft:pale_oak_planks":1126,"minecraft:lantern":6,"minecraft:stone_bricks":1,"minecraft:magma_block":1,"minecraft:bow":217,"minecraft:sweet_berries":27,"minecraft:oak_sapling":72,"minecraft:furnace":13,"minecraft:egg":3,"minecraft:pale_oak_slab":82,"minecraft:potato":88,"minecraft:dark_oak_sapling":10,"minecraft:mossy_stone_bricks":1,"minecraft:oak_planks":223,"minecraft:stone_pickaxe":2099,"minecraft:wooden_pickaxe":43,"minecraft:mossy_stone_brick_stairs":1,"minecraft:golden_apple":3,"minecraft:cobbled_deepslate_stairs":1,"minecraft:deepslate_tiles":130,"minecraft:dark_oak_log":21,"minecraft:bread":143,"minecraft:lilac":2,"minecraft:diamond_sword":266,"minecraft:dark_oak_fence":45,"minecraft:coarse_dirt":3,"minecraft:bone_meal":102,"minecraft:stone_sword":94,"minecraft:flint_and_steel":6,"minecraft:stone_shovel":348,"minecraft:pale_oak_door":3,"minecraft:wooden_shovel":170,"minecraft:pale_oak_fence":73,"minecraft:stone_hoe":87,"minecraft:netherrack":70,"minecraft:torch":412,"minecraft:dirt":1422,"minecraft:anvil":1,"minecraft:dark_oak_planks":407,"minecraft:pale_oak_sapling":38,"minecraft:iron_axe":308,"minecraft:rooted_dirt":2,"minecraft:smooth_quartz":4,"minecraft:barrel":6,"minecraft:glowstone":48,"minecraft:goat_horn":4,"minecraft:cooked_beef":3,"minecraft:cobbled_deepslate":33,"minecraft:cooked_mutton":6,"minecraft:water_bucket":52,"minecraft:cobblestone_stairs":581,"minecraft:bundle":11,"minecraft:baked_potato":42,"minecraft:spruce_sign":1,"minecraft:crafting_table":8,"minecraft:red_bed":5,"minecraft:white_bed":5,"minecraft:purple_stained_glass":58,"minecraft:oak_log":256,"minecraft:diamond_pickaxe":278,"minecraft:apple":21,"minecraft:sunflower":2,"minecraft:iron_pickaxe":2860,"minecraft:stone_axe":1169,"minecraft:cobblestone":1310,"minecraft:white_banner":1,"minecraft:cooked_porkchop":6,"minecraft:bucket":90,"minecraft:splash_potion":1},"minecraft:broken":{"minecraft:iron_shovel":3,"minecraft:wooden_shovel":2,"minecraft:iron_boots":1,"minecraft:stone_pickaxe":16,"minecraft:stone_axe":6,"minecraft:stone_shovel":3,"minecraft:iron_axe":1,"minecraft:iron_pickaxe":11,"minecraft:iron_helmet":1},"minecraft:custom":{"minecraft:interact_with_crafting_table":93,"minecraft:open_barrel":93,"minecraft:leave_game":9,"minecraft:time_since_death":190443,"minecraft:sprint_one_cm":1946684,"minecraft:drop":117,"minecraft:talked_to_villager":5,"minecraft:play_time":862031,"minecraft:deaths":9,"minecraft:jump":8339,"minecraft:walk_on_water_one_cm":81846,"minecraft:interact_with_furnace":179,"minecraft:sleep_in_bed":45,"minecraft:damage_dealt":13224,"minecraft:crouch_one_cm":177830,"minecraft:interact_with_anvil":2,"minecraft:mob_kills":91,"minecraft:damage_dealt_resisted":10995,"minecraft:climb_one_cm":9119,"minecraft:walk_one_cm":3481089,"minecraft:damage_dealt_absorbed":6022,"minecraft:sneak_time":40596,"minecraft:walk_under_water_one_cm":9571,"minecraft:interact_with_lectern":1,"minecraft:interact_with_blast_furnace":7,"minecraft:total_world_time":862031,"minecraft:interact_with_stonecutter":1,"minecraft:time_since_rest":19242,"minecraft:damage_taken":10732,"minecraft:damage_absorbed":102,"minecraft:trigger_trapped_chest":1,"minecraft:swim_one_cm":30941,"minecraft:fly_one_cm":1431292,"minecraft:open_chest":284,"minecraft:fall_one_cm":137504},"minecraft:picked_up":{"minecraft:wheat":1,"minecraft:lead":1,"minecraft:brewing_stand":1,"minecraft:dead_tube_coral_block":1,"minecraft:string":1,"minecraft:raw_copper":24,"minecraft:deepslate_tiles":38,"minecraft:sea_pickle":2,"minecraft:cobbled_deepslate":250,"minecraft:spruce_planks":5,"minecraft:smooth_quartz":54,"minecraft:iron_pickaxe":1,"minecraft:coal_block":1,"minecraft:furnace":2,"minecraft:tipped_arrow":5,"minecraft:stick":146,"minecraft:torch":87,"minecraft:spruce_stairs":1,"minecraft:porkchop":7,"minecraft:pale_oak_sapling":38,"minecraft:stone_sword":1,"minecraft:rotten_flesh":41,"minecraft:armadillo_scute":4,"minecraft:green_wool":1,"minecraft:obsidian":5,"minecraft:snowball":37,"minecraft:cobblestone":3352,"minecraft:birch_log":34,"minecraft:magma_block":6,"minecraft:feather":4,"minecraft:lilac":2,"minecraft:magma_cream":1,"minecraft:andesite":15,"minecraft:pale_oak_planks":358,"minecraft:potato":168,"minecraft:pale_oak_slab":40,"minecraft:flint":5,"minecraft:tuff":11,"minecraft:lapis_lazuli":23,"minecraft:dirt":1160,"minecraft:lantern":5,"minecraft:name_tag":1,"minecraft:glass":94,"minecraft:bone":25,"minecraft:bow":3,"minecraft:wheat_seeds":11,"minecraft:raw_gold":18,"minecraft:mossy_stone_bricks":2,"minecraft:pale_oak_log":355,"minecraft:glowstone_dust":194,"minecraft:moss_block":8,"minecraft:oak_planks":112,"minecraft:mossy_stone_brick_stairs":2,"minecraft:poisonous_potato":1,"minecraft:sand":846,"minecraft:dark_oak_log":170,"minecraft:green_concrete":1,"minecraft:diamond":94,"minecraft:crossbow":1,"minecraft:granite":31,"minecraft:spruce_sign":17,"minecraft:emerald":58,"minecraft:rooted_dirt":2,"minecraft:oak_sapling":179,"minecraft:netherrack":70,"minecraft:dark_oak_fence":5,"minecraft:diamond_pickaxe":1,"minecraft:coarse_dirt":5,"minecraft:charcoal":3,"minecraft:crafting_table":5,"minecraft:allium":1,"minecraft:ominous_bottle":1,"minecraft:chicken":2,"minecraft:gold_block":1,"gravestone:obituary":7,"minecraft:shield":1,"minecraft:cornflower":25,"minecraft:stone_stairs":1,"minecraft:red_bed":5,"minecraft:moss_carpet":4,"minecraft:beef":16,"minecraft:iron_nugget":1,"minecraft:poppy":31,"minecraft:sugar_cane":3,"minecraft:birch_sapling":16,"minecraft:spruce_trapdoor":3,"minecraft:egg":3,"minecraft:dark_oak_sapling":10,"minecraft:raw_iron":71,"minecraft:carrot":3,"minecraft:redstone":3,"minecraft:iron_horse_armor":1,"minecraft:dark_oak_planks":63,"minecraft:arrow":12,"minecraft:stone_shovel":2,"minecraft:hay_block":97,"minecraft:gold_ingot":4,"minecraft:tuff_bricks":7,"minecraft:mutton":6,"minecraft:white_wool":5,"minecraft:rail":1,"minecraft:bone_block":11,"minecraft:leather":6,"minecraft:birch_planks":3,"minecraft:pale_oak_fence":11,"minecraft:oak_log":600,"minecraft:chainmail_chestplate":1,"minecraft:golden_boots":1,"minecraft:cobbled_deepslate_stairs":1,"minecraft:gunpowder":1,"minecraft:cobblestone_stairs":11,"minecraft:white_banner":1,"minecraft:apple":56,"minecraft:stone_bricks":2,"minecraft:stone_pickaxe":1,"minecraft:iron_ingot":34,"minecraft:soul_sand":5,"minecraft:iron_sword":2,"minecraft:sweet_berries":28,"minecraft:pumpkin":40,"minecraft:raw_iron_block":5,"minecraft:gravel":56,"minecraft:spruce_log":1,"minecraft:white_bed":6,"minecraft:crying_obsidian":5,"minecraft:polished_tuff":1,"minecraft:mossy_stone_brick_slab":2,"minecraft:spider_eye":2,"minecraft:chainmail_leggings":1,"minecraft:coal":152,"minecraft:chiseled_tuff_bricks":1,"minecraft:sunflower":5},"minecraft:mined":{"minecraft:dark_oak_planks":60,"minecraft:spruce_planks":6,"minecraft:white_bed":5,"minecraft:farmland":3,"minecraft:mossy_stone_brick_slab":1,"minecraft:pale_oak_fence":11,"minecraft:cobbled_deepslate_stairs":1,"minecraft:andesite_stairs":1,"minecraft:cobblestone_stairs":13,"minecraft:brewing_stand":1,"minecraft:obsidian":5,"minecraft:spruce_trapdoor":3,"minecraft:granite":21,"minecraft:grass_block":384,"minecraft:dead_tube_coral_block":1,"minecraft:coal_block":1,"minecraft:chiseled_tuff_bricks":1,"minecraft:green_concrete":1,"minecraft:tuff_bricks":7,"minecraft:magma_block":6,"minecraft:raw_iron_block":5,"minecraft:glowstone":95,"minecraft:iron_ore":25,"minecraft:cobbled_deepslate":2,"minecraft:fire":19,"minecraft:polished_tuff":1,"minecraft:pumpkin":24,"minecraft:deepslate_lapis_ore":6,"minecraft:dirt_path":15,"minecraft:pale_oak_log":271,"minecraft:red_bed":5,"minecraft:soul_fire":36,"minecraft:torch":40,"minecraft:poppy":31,"minecraft:pale_oak_planks":105,"minecraft:spruce_wall_sign":1,"minecraft:glass":17,"minecraft:cobblestone":305,"minecraft:sugar_cane":1,"minecraft:oak_planks":112,"minecraft:wall_torch":15,"minecraft:stone_stairs":1,"minecraft:birch_log":36,"minecraft:lilac":3,"minecraft:oak_log":611,"minecraft:dark_oak_sapling":2,"minecraft:dirt":464,"minecraft:sand":857,"minecraft:smooth_quartz":60,"minecraft:netherrack":63,"minecraft:oak_leaves":60,"minecraft:deepslate":262,"minecraft:deepslate_tiles":1,"minecraft:crying_obsidian":5,"minecraft:tuff":10,"minecraft:deepslate_diamond_ore":46,"minecraft:dark_oak_log":81,"minecraft:glow_lichen":2,"gravestone:gravestone":9,"minecraft:dark_oak_fence":5,"minecraft:allium":1,"minecraft:moss_block":4,"minecraft:horn_coral_wall_fan":1,"minecraft:hay_block":98,"minecraft:furnace":3,"minecraft:carrots":1,"minecraft:snow":30,"minecraft:andesite":16,"minecraft:gold_block":1,"minecraft:mossy_stone_brick_stairs":1,"minecraft:potatoes":43,"minecraft:deepslate_iron_ore":12,"minecraft:rail":1,"minecraft:stone":3829,"minecraft:bone_block":11,"minecraft:green_wool":1,"minecraft:pale_oak_slab":35,"minecraft:hanging_roots":1,"minecraft:snow_block":1,"minecraft:crafting_table":4,"minecraft:cornflower":25,"minecraft:short_grass":26,"minecraft:emerald_ore":5,"minecraft:tall_grass":8,"minecraft:copper_ore":4,"minecraft:deepslate_gold_ore":19,"minecraft:spruce_stairs":1,"minecraft:coarse_dirt":6,"minecraft:purple_stained_glass":29,"minecraft:sweet_berry_bush":10,"minecraft:white_carpet":1,"minecraft:spruce_log":1,"minecraft:coal_ore":141,"minecraft:sunflower":1,"minecraft:gravel":58,"minecraft:stone_bricks":1,"minecraft:mossy_stone_bricks":1},"minecraft:killed_by":{"minecraft:creeper":2,"minecraft:vindicator":2,"minecraft:zombie":3,"minecraft:player":1},"minecraft:dropped":{"minecraft:iron_sword":1,"minecraft:moss_block":3,"minecraft:diamond":71,"minecraft:crafting_table":1,"minecraft:lantern":3,"minecraft:mossy_stone_brick_stairs":1,"minecraft:iron_horse_armor":1,"minecraft:emerald":53,"minecraft:dirt":135,"minecraft:dark_oak_fence":2,"minecraft:snowball":37,"gravestone:obituary":8,"minecraft:sunflower":3,"minecraft:dark_oak_planks":4,"minecraft:birch_log":32,"minecraft:pale_oak_planks":6,"minecraft:gold_ingot":57,"minecraft:bone":18,"minecraft:green_wool":1,"minecraft:gravel":27,"minecraft:goat_horn":1,"minecraft:sugar_cane":3,"minecraft:iron_nugget":7,"minecraft:cobbled_deepslate":10,"minecraft:birch_sapling":16,"minecraft:wheat":1,"minecraft:obsidian":5,"minecraft:rotten_flesh":31,"minecraft:pale_oak_fence":10,"minecraft:mossy_stone_brick_slab":1,"minecraft:chainmail_chestplate":1,"minecraft:gunpowder":1,"minecraft:arrow":1,"minecraft:glass":2,"minecraft:crying_obsidian":5,"minecraft:bread":22,"minecraft:golden_boots":1,"minecraft:wheat_seeds":7,"minecraft:golden_helmet":1,"minecraft:iron_helmet":1,"minecraft:cobblestone":453,"minecraft:book":1,"minecraft:apple":24,"minecraft:granite":6,"minecraft:stick":9,"minecraft:lava_bucket":5,"minecraft:torch":64,"minecraft:iron_leggings":1,"minecraft:pumpkin":20,"minecraft:chainmail_leggings":2,"minecraft:moss_carpet":2,"minecraft:coarse_dirt":2,"minecraft:stone_sword":2,"minecraft:tuff":5,"minecraft:green_concrete":1,"minecraft:name_tag":1,"minecraft:purple_stained_glass":129,"minecraft:potato":11,"minecraft:spruce_trapdoor":2,"minecraft:iron_chestplate":1,"minecraft:mossy_stone_bricks":1,"minecraft:oak_sapling":91,"minecraft:stone_bricks":1,"minecraft:bow":1,"minecraft:stone_pickaxe":1,"minecraft:raw_gold":5},"minecraft:killed":{"minecraft:spider":2,"minecraft:skeleton":12,"minecraft:chicken":2,"minecraft:silverfish":4,"minecraft:magma_cube":7,"minecraft:pig":3,"minecraft:creeper":4,"minecraft:sheep":3,"minecraft:trader_llama":1,"minecraft:pillager":8,"minecraft:zombie":24,"minecraft:cow":7,"minecraft:blaze":2,"minecraft:husk":6,"minecraft:bat":1,"minecraft:wandering_trader":1,"minecraft:enderman":1},"minecraft:crafted":{"minecraft:oak_planks":520,"minecraft:pale_oak_slab":42,"minecraft:barrel":6,"minecraft:wolf_armor":2,"minecraft:pale_oak_fence":72,"minecraft:cobblestone_stairs":696,"minecraft:cooked_mutton":6,"minecraft:pale_oak_planks":1164,"minecraft:glass":794,"minecraft:diamond_helmet":1,"minecraft:diamond_leggings":1,"minecraft:iron_boots":1,"minecraft:chest":8,"minecraft:stone_hoe":1,"minecraft:wooden_shovel":4,"minecraft:cooked_porkchop":6,"minecraft:crafting_table":5,"minecraft:spruce_planks":4,"minecraft:iron_helmet":2,"minecraft:wooden_pickaxe":1,"minecraft:baked_potato":78,"minecraft:birch_planks":8,"minecraft:dark_oak_slab":12,"minecraft:iron_chestplate":1,"minecraft:purple_dye":42,"minecraft:shield":1,"minecraft:stick":204,"minecraft:iron_ingot":83,"minecraft:iron_pickaxe":13,"minecraft:iron_block":7,"minecraft:stone_sword":1,"minecraft:raw_iron":45,"minecraft:stone_shovel":1,"minecraft:iron_nugget":27,"minecraft:furnace":12,"minecraft:bone_meal":102,"minecraft:flint_and_steel":1,"minecraft:lantern":1,"minecraft:dark_oak_fence":45,"minecraft:iron_axe":2,"minecraft:ladder":6,"minecraft:stone_pickaxe":16,"minecraft:diamond_boots":1,"minecraft:dark_oak_planks":516,"minecraft:wheat":594,"minecraft:cooked_beef":3,"minecraft:pale_oak_door":3,"minecraft:red_dye":31,"minecraft:diamond_sword":1,"minecraft:purple_stained_glass":200,"minecraft:bucket":23,"minecraft:stone_axe":7,"minecraft:glowstone":48,"minecraft:bread":198,"minecraft:air":0,"minecraft:blue_dye":25,"minecraft:iron_shovel":4,"minecraft:iron_leggings":1,"minecraft:anvil":1,"minecraft:white_bed":1,"minecraft:torch":388,"minecraft:diamond_chestplate":1}},"DataVersion":4189}