{"stats":{"minecraft:crafted":{"minecraft:pale_oak_slab":42,"minecraft:oak_planks":108,"minecraft:stone_shovel":1,"minecraft:furnace":2,"minecraft:cobblestone_stairs":696,"minecraft:cooked_mutton":6,"minecraft:pale_oak_planks":516,"minecraft:stone_pickaxe":16,"minecraft:chest":8,"minecraft:dark_oak_planks":364,"minecraft:wheat":594,"minecraft:cooked_beef":3,"minecraft:pale_oak_door":3,"minecraft:cooked_porkchop":6,"minecraft:crafting_table":2,"minecraft:spruce_planks":4,"minecraft:wooden_pickaxe":1,"minecraft:bucket":1,"minecraft:birch_planks":8,"minecraft:stone_axe":7,"minecraft:bread":198,"minecraft:air":0,"minecraft:shield":1,"minecraft:stick":44,"minecraft:iron_ingot":8,"minecraft:stone_sword":1,"minecraft:white_bed":1,"minecraft:torch":124},"minecraft:killed_by":{"minecraft:creeper":1,"minecraft:vindicator":2,"minecraft:zombie":1},"minecraft:dropped":{"minecraft:wheat_seeds":4,"minecraft:crafting_table":1,"minecraft:stick":4,"minecraft:dirt":6,"minecraft:snowball":34,"gravestone:obituary":4,"minecraft:sunflower":2,"minecraft:gravel":19,"minecraft:coarse_dirt":2,"minecraft:stone_sword":2,"minecraft:rotten_flesh":2,"minecraft:oak_sapling":46,"minecraft:stone_pickaxe":1},"minecraft:killed":{"minecraft:spider":1,"minecraft:skeleton":1,"minecraft:chicken":2,"minecraft:silverfish":2,"minecraft:pig":3,"minecraft:sheep":3,"minecraft:zombie":4,"minecraft:cow":6},"minecraft:broken":{"minecraft:stone_pickaxe":15,"minecraft:stone_axe":6,"minecraft:stone_shovel":3},"minecraft:picked_up":{"minecraft:crafting_table":5,"minecraft:coarse_dirt":5,"minecraft:allium":1,"minecraft:chicken":2,"minecraft:string":1,"minecraft:red_bed":2,"minecraft:stone_stairs":1,"minecraft:dead_tube_coral_block":1,"minecraft:beef":13,"minecraft:coal_block":1,"minecraft:egg":3,"minecraft:furnace":1,"minecraft:dark_oak_sapling":4,"minecraft:stick":87,"minecraft:raw_iron":23,"minecraft:torch":29,"minecraft:porkchop":7,"minecraft:pale_oak_sapling":10,"minecraft:dark_oak_planks":54,"minecraft:arrow":2,"minecraft:rotten_flesh":2,"minecraft:stone_sword":1,"minecraft:stone_shovel":2,"minecraft:hay_block":66,"minecraft:armadillo_scute":3,"minecraft:mutton":6,"minecraft:rail":1,"minecraft:cobblestone":1768,"minecraft:snowball":34,"minecraft:white_wool":5,"minecraft:birch_log":2,"minecraft:lilac":2,"minecraft:feather":4,"minecraft:leather":3,"minecraft:pale_oak_planks":63,"minecraft:pale_oak_slab":40,"minecraft:birch_planks":3,"minecraft:flint":2,"minecraft:oak_log":456,"minecraft:cobblestone_stairs":11,"minecraft:dirt":821,"minecraft:lantern":4,"minecraft:glass":92,"minecraft:bone":2,"minecraft:apple":14,"minecraft:wheat_seeds":5,"minecraft:stone_pickaxe":1,"minecraft:pale_oak_log":129,"minecraft:soul_sand":5,"minecraft:oak_planks":61,"minecraft:iron_sword":1,"minecraft:pumpkin":20,"minecraft:raw_iron_block":4,"minecraft:gravel":19,"minecraft:white_bed":4,"minecraft:spruce_log":1,"minecraft:dark_oak_log":129,"minecraft:granite":6,"minecraft:spruce_sign":16,"minecraft:rooted_dirt":2,"minecraft:oak_sapling":134,"minecraft:coal":96,"minecraft:sunflower":4},"minecraft:mined":{"minecraft:dark_oak_planks":55,"minecraft:spruce_planks":1,"minecraft:white_bed":3,"minecraft:andesite_stairs":1,"minecraft:cobblestone_stairs":13,"minecraft:dark_oak_log":38,"gravestone:gravestone":4,"minecraft:allium":1,"minecraft:grass_block":258,"minecraft:dead_tube_coral_block":1,"minecraft:coal_block":1,"minecraft:hay_block":66,"minecraft:raw_iron_block":4,"minecraft:furnace":1,"minecraft:iron_ore":23,"minecraft:snow":27,"minecraft:andesite":1,"minecraft:pumpkin":21,"minecraft:dirt_path":14,"minecraft:rail":1,"minecraft:pale_oak_log":45,"minecraft:stone":1674,"minecraft:pale_oak_slab":35,"minecraft:red_bed":2,"minecraft:snow_block":1,"minecraft:crafting_table":4,"minecraft:torch":21,"minecraft:short_grass":17,"minecraft:pale_oak_planks":68,"minecraft:glass":1,"minecraft:tall_grass":6,"minecraft:cobblestone":139,"minecraft:oak_planks":61,"minecraft:wall_torch":8,"minecraft:stone_stairs":1,"minecraft:coarse_dirt":6,"minecraft:birch_log":2,"minecraft:lilac":3,"minecraft:spruce_log":1,"minecraft:oak_log":466,"minecraft:coal_ore":95,"minecraft:gravel":18,"minecraft:dirt":287,"minecraft:oak_leaves":54},"minecraft:custom":{"minecraft:mob_kills":22,"minecraft:interact_with_crafting_table":39,"minecraft:open_barrel":25,"minecraft:damage_dealt_resisted":1552,"minecraft:leave_game":3,"minecraft:time_since_death":5232,"minecraft:sprint_one_cm":653069,"minecraft:walk_one_cm":1177001,"minecraft:drop":21,"minecraft:damage_dealt_absorbed":1000,"minecraft:play_time":293395,"minecraft:deaths":4,"minecraft:sneak_time":24904,"minecraft:walk_under_water_one_cm":2603,"minecraft:jump":2992,"minecraft:walk_on_water_one_cm":36174,"minecraft:total_world_time":293395,"minecraft:interact_with_furnace":19,"minecraft:sleep_in_bed":18,"minecraft:time_since_rest":5256,"minecraft:damage_taken":3665,"minecraft:trigger_trapped_chest":1,"minecraft:damage_dealt":3069,"minecraft:swim_one_cm":15045,"minecraft:fly_one_cm":499486,"minecraft:open_chest":73,"minecraft:crouch_one_cm":115501,"minecraft:fall_one_cm":52718},"minecraft:used":{"minecraft:stone_sword":94,"minecraft:pale_oak_stairs":3,"minecraft:stone_shovel":348,"minecraft:chest":8,"minecraft:shield":1,"minecraft:iron_sword":38,"minecraft:pale_oak_door":3,"minecraft:torch":134,"minecraft:dirt":648,"minecraft:allium":1,"minecraft:glass":79,"minecraft:dark_oak_planks":369,"minecraft:pale_oak_sapling":10,"minecraft:lava_bucket":1,"minecraft:lantern":1,"minecraft:rooted_dirt":2,"minecraft:pale_oak_planks":488,"minecraft:furnace":3,"minecraft:oak_sapling":72,"minecraft:egg":1,"minecraft:pale_oak_slab":62,"minecraft:cooked_beef":3,"minecraft:dark_oak_sapling":4,"minecraft:cooked_mutton":6,"minecraft:water_bucket":2,"minecraft:cobblestone_stairs":581,"minecraft:stone_pickaxe":1997,"minecraft:oak_planks":77,"minecraft:wooden_pickaxe":43,"minecraft:spruce_sign":1,"minecraft:crafting_table":5,"minecraft:red_bed":1,"minecraft:white_bed":4,"minecraft:oak_log":239,"minecraft:apple":3,"minecraft:sunflower":2,"minecraft:bread":46,"minecraft:lilac":2,"minecraft:stone_axe":882,"minecraft:cobblestone":608,"minecraft:cooked_porkchop":6,"minecraft:bucket":4,"minecraft:coarse_dirt":3}},"DataVersion":4189}