{"stats":{"minecraft:killed":{"minecraft:pig":3,"minecraft:sheep":3,"minecraft:zombie":3,"minecraft:chicken":2,"minecraft:silverfish":2,"minecraft:cow":6},"minecraft:dropped":{"minecraft:wheat_seeds":4,"minecraft:crafting_table":1,"gravestone:obituary":2,"minecraft:sunflower":2,"minecraft:stone_pickaxe":1},"minecraft:mined":{"minecraft:white_bed":1,"minecraft:snow_block":1,"minecraft:crafting_table":3,"gravestone:gravestone":2,"minecraft:torch":4,"minecraft:short_grass":14,"minecraft:grass_block":236,"minecraft:tall_grass":5,"minecraft:oak_planks":61,"minecraft:wall_torch":5,"minecraft:hay_block":66,"minecraft:coarse_dirt":4,"minecraft:furnace":1,"minecraft:birch_log":2,"minecraft:iron_ore":4,"minecraft:snow":27,"minecraft:lilac":1,"minecraft:spruce_log":1,"minecraft:oak_log":154,"minecraft:coal_ore":51,"minecraft:dirt_path":14,"minecraft:dirt":179,"minecraft:stone":1293,"minecraft:oak_leaves":18},"minecraft:custom":{"minecraft:interact_with_furnace":12,"minecraft:mob_kills":19,"minecraft:interact_with_crafting_table":20,"minecraft:open_barrel":1,"minecraft:damage_dealt_resisted":788,"minecraft:leave_game":1,"minecraft:time_since_death":50249,"minecraft:sleep_in_bed":4,"minecraft:time_since_rest":8298,"minecraft:sprint_one_cm":251983,"minecraft:damage_taken":1635,"minecraft:walk_one_cm":456963,"minecraft:trigger_trapped_chest":1,"minecraft:drop":7,"minecraft:damage_dealt":2113,"minecraft:damage_dealt_absorbed":495,"minecraft:swim_one_cm":2145,"minecraft:fly_one_cm":187355,"minecraft:open_chest":12,"minecraft:crouch_one_cm":14340,"minecraft:play_time":118751,"minecraft:deaths":2,"minecraft:sneak_time":5009,"minecraft:walk_under_water_one_cm":1572,"minecraft:jump":1333,"minecraft:walk_on_water_one_cm":16811,"minecraft:total_world_time":118751,"minecraft:fall_one_cm":19093},"minecraft:crafted":{"minecraft:cooked_beef":3,"minecraft:oak_planks":104,"minecraft:stone_shovel":1,"minecraft:cooked_porkchop":6,"minecraft:crafting_table":1,"minecraft:spruce_planks":4,"minecraft:wooden_pickaxe":1,"minecraft:furnace":2,"minecraft:birch_planks":8,"minecraft:stone_axe":2,"minecraft:bread":12,"minecraft:cooked_mutton":6,"minecraft:air":0,"minecraft:stick":16,"minecraft:stone_pickaxe":14,"minecraft:stone_sword":1,"minecraft:chest":1,"minecraft:white_bed":1,"minecraft:torch":32,"minecraft:wheat":36},"minecraft:killed_by":{"minecraft:creeper":1,"minecraft:zombie":1},"minecraft:used":{"minecraft:cooked_mutton":6,"minecraft:stone_sword":94,"minecraft:stone_pickaxe":1347,"minecraft:stone_shovel":348,"minecraft:oak_planks":77,"minecraft:chest":1,"minecraft:wooden_pickaxe":43,"minecraft:iron_sword":3,"minecraft:spruce_sign":1,"minecraft:torch":41,"minecraft:dirt":475,"minecraft:crafting_table":3,"minecraft:white_bed":3,"minecraft:apple":3,"minecraft:sunflower":2,"minecraft:bread":13,"minecraft:rooted_dirt":2,"minecraft:lilac":1,"minecraft:stone_axe":249,"minecraft:cobblestone":10,"minecraft:oak_sapling":17,"minecraft:furnace":3,"minecraft:egg":1,"minecraft:cooked_beef":3,"minecraft:coarse_dirt":3},"minecraft:picked_up":{"minecraft:birch_log":2,"minecraft:crafting_table":4,"minecraft:coarse_dirt":3,"minecraft:feather":4,"minecraft:lilac":1,"minecraft:chicken":2,"minecraft:leather":3,"minecraft:birch_planks":3,"minecraft:oak_log":154,"minecraft:dirt":706,"minecraft:lantern":1,"minecraft:apple":8,"minecraft:wheat_seeds":5,"minecraft:stone_pickaxe":1,"minecraft:beef":13,"minecraft:iron_sword":1,"minecraft:oak_planks":61,"minecraft:egg":1,"minecraft:furnace":1,"minecraft:stick":41,"minecraft:raw_iron":4,"minecraft:torch":9,"minecraft:gravel":4,"minecraft:porkchop":7,"minecraft:white_bed":2,"minecraft:spruce_log":1,"minecraft:rotten_flesh":2,"minecraft:stone_shovel":2,"minecraft:hay_block":66,"minecraft:armadillo_scute":2,"minecraft:spruce_sign":2,"minecraft:rooted_dirt":2,"minecraft:oak_sapling":61,"minecraft:mutton":6,"minecraft:coal":52,"minecraft:snowball":34,"minecraft:white_wool":5,"minecraft:cobblestone":1280,"minecraft:sunflower":4},"minecraft:broken":{"minecraft:stone_pickaxe":10,"minecraft:stone_axe":1,"minecraft:stone_shovel":3}},"DataVersion":4189}